StudentCode,Department,Year,Semester,CGPA,Attendance,Club,CareerGoal,Hosteller,Scholarship
STU-0001,EE,2,3,9.36,90,Photography Club,Pilot,Yes,Merit
STU-0002,IIOT,4,8,9.41,95,Coding Club,Software Engineer,No,SC
STU-0003,DS,2,3,9.21,71,Photography Club,AI Engineer,No,OBC
STU-0004,RE,3,6,5.95,65,Photography Club,Data Scientist,Yes,EWS
STU-0005,ETC,4,7,8.46,68,Robotics Club,Professor,No,EWS
STU-0006,AI/ML,1,2,8.09,69,Photography Club,AI Engineer,Yes,OBC
STU-0007,AI/ML,1,2,9.23,95,Music Club,Professor,No,
STU-0008,AE,1,1,6.92,69,NSS,Pilot,No,OBC
STU-0009,EE,3,5,9.44,67,Photography Club,Research Scientist,Yes,SC
STU-0010,ME,3,6,6.42,60,NCC,Data Scientist,Yes,OBC
STU-0011,DS,2,4,8.21,98,Robotics Club,Software Engineer,No,SC
STU-0012,AI/ML,1,1,9.37,65,NCC,Data Scientist,No,OBC
STU-0013,AE,3,6,8.45,82,NCC,Robotics Engineer,Yes,EWS
STU-0014,EC,4,8,9.08,75,Drama Club,Data Scientist,Yes,EWS
STU-0015,EC,1,1,6.79,78,Photography Club,Professor,No,Merit
STU-0016,IIOT,2,4,6.18,79,Sports Club,Robotics Engineer,Yes,OBC
STU-0017,CS,3,5,8.8,87,Music Club,Data Scientist,Yes,
STU-0018,CE,1,2,9.07,90,NSS,Robotics Engineer,Yes,EWS
STU-0019,AE,1,1,9.15,67,Music Club,Robotics Engineer,No,
STU-0020,CS,4,8,8.31,67,Coding Club,Robotics Engineer,Yes,Merit
STU-0021,ME,3,6,9.58,65,NSS,Professor,Yes,
STU-0022,ME,3,5,5.77,86,Coding Club,Entrepreneur,Yes,Merit
STU-0023,CS,4,8,8.43,69,Music Club,Professor,No,
STU-0024,CS,2,3,7.11,96,NCC,Entrepreneur,No,Merit
STU-0025,CE,3,6,8.93,79,Photography Club,Pilot,Yes,ST
STU-0026,AI/ML,3,6,6.65,91,NSS,Data Scientist,Yes,SC
STU-0027,CE,2,4,5.53,71,Photography Club,Professor,No,SC
STU-0028,EE,2,3,8.3,67,NCC,Entrepreneur,No,Merit
STU-0029,IIOT,1,2,6.5,70,Sports Club,Entrepreneur,Yes,OBC
STU-0030,CS,1,1,8.98,89,Drama Club,Entrepreneur,Yes,OBC
STU-0031,CT,1,2,7.32,74,Sports Club,AI Engineer,No,OBC
STU-0032,IIOT,3,5,5.55,74,NSS,Data Scientist,No,OBC
STU-0033,CT,2,3,7.24,82,NSS,Professor,No,EWS
STU-0034,CE,1,1,7.14,77,NSS,Entrepreneur,No,SC
STU-0035,AE,1,1,6.15,84,Music Club,Data Scientist,No,ST
STU-0036,CE,2,3,8.49,62,Robotics Club,Entrepreneur,No,Merit
STU-0037,CT,3,5,8.85,71,Music Club,Robotics Engineer,Yes,SC
STU-0038,ETC,3,6,8.11,78,Coding Club,Entrepreneur,Yes,
STU-0039,ETC,2,4,7.19,69,Sports Club,Robotics Engineer,No,OBC
STU-0040,EC,3,6,7.08,61,Photography Club,Research Scientist,No,OBC
STU-0041,EE,4,7,6.4,60,Music Club,Software Engineer,No,Merit
STU-0042,RE,4,8,7.08,68,NCC,Professor,Yes,EWS
STU-0043,DS,4,8,9.38,68,NSS,Professor,Yes,
STU-0044,EC,4,8,9.48,73,NCC,Data Scientist,Yes,
STU-0045,ME,4,7,8.05,94,Coding Club,Software Engineer,No,Merit
STU-0046,ETC,3,6,8.65,78,Music Club,Pilot,No,SC
STU-0047,EE,4,8,7.31,60,NSS,Software Engineer,Yes,SC
STU-0048,IIOT,4,8,8.82,94,Photography Club,AI Engineer,No,Merit
STU-0049,CT,2,4,9.02,94,Drama Club,AI Engineer,Yes,EWS
STU-0050,EC,3,6,7.99,68,NSS,Software Engineer,No,
STU-0051,IIOT,3,5,8.95,64,Drama Club,Pilot,Yes,Merit
STU-0052,AE,3,6,9.76,63,Photography Club,AI Engineer,Yes,Merit
STU-0053,AI/ML,4,8,5.79,68,NCC,Data Scientist,No,OBC
STU-0054,CS,3,5,8.29,73,Robotics Club,Entrepreneur,Yes,EWS
STU-0055,ETC,1,1,6.76,84,NSS,AI Engineer,No,EWS
STU-0056,RE,3,5,6.25,78,Sports Club,Robotics Engineer,Yes,
STU-0057,IT,1,1,8.95,79,Coding Club,AI Engineer,Yes,
STU-0058,CT,3,5,6.75,76,Drama Club,Professor,Yes,
STU-0059,DS,1,1,7.57,62,Coding Club,Robotics Engineer,No,SC
STU-0060,EC,4,8,7.61,95,Coding Club,Entrepreneur,Yes,
STU-0061,CS,4,7,8.36,95,Music Club,Professor,No,ST
STU-0062,CT,3,6,6.87,83,NSS,Robotics Engineer,No,ST
STU-0063,CE,3,5,9.57,76,Sports Club,AI Engineer,Yes,ST
STU-0064,RE,3,5,5.59,73,Music Club,Research Scientist,No,EWS
STU-0065,DS,3,5,8.8,92,Drama Club,Entrepreneur,No,ST
STU-0066,RE,3,6,8.95,85,Coding Club,AI Engineer,No,ST
STU-0067,AE,2,3,5.92,94,NSS,Data Scientist,Yes,EWS
STU-0068,CE,4,7,8.48,60,Sports Club,AI Engineer,No,SC
STU-0069,EE,1,1,8.78,94,NCC,Pilot,Yes,SC
STU-0070,EC,3,5,9.04,93,Robotics Club,Research Scientist,No,EWS
STU-0071,ME,2,3,9.31,88,Music Club,Robotics Engineer,No,OBC
STU-0072,AI/ML,1,1,6.08,70,Sports Club,Professor,No,Merit
STU-0073,ETC,1,1,5.76,91,Sports Club,Entrepreneur,No,
STU-0074,IT,3,6,9.18,74,Photography Club,Robotics Engineer,Yes,ST
STU-0075,AI/ML,2,3,6.01,63,NCC,Data Scientist,No,OBC
STU-0076,ME,1,2,9.04,92,NCC,Pilot,Yes,SC
STU-0077,CT,1,1,8.45,88,Photography Club,Entrepreneur,No,Merit
STU-0078,IT,1,2,5.99,66,Robotics Club,AI Engineer,No,
STU-0079,AE,3,5,5.57,66,Photography Club,Entrepreneur,Yes,ST
STU-0080,AE,3,6,5.74,65,Robotics Club,Entrepreneur,Yes,Merit
STU-0081,AI/ML,2,3,5.9,64,NSS,AI Engineer,Yes,SC
STU-0082,CT,4,7,7.76,93,Robotics Club,AI Engineer,Yes,ST
STU-0083,ETC,3,6,8.66,64,Coding Club,Data Scientist,Yes,
STU-0084,IIOT,1,2,5.93,89,NCC,Research Scientist,No,OBC
STU-0085,EC,1,2,8.83,97,NCC,Professor,Yes,
STU-0086,ME,3,5,8.66,75,Sports Club,Software Engineer,Yes,Merit
STU-0087,ME,4,7,9.49,84,Photography Club,AI Engineer,Yes,OBC
STU-0088,CT,3,5,8.08,90,Photography Club,Pilot,Yes,EWS
STU-0089,AE,3,6,6.66,76,Robotics Club,Data Scientist,No,Merit
STU-0090,RE,2,3,6.94,81,Sports Club,Research Scientist,Yes,ST
STU-0091,IIOT,2,4,7.0,72,NCC,Research Scientist,Yes,OBC
STU-0092,CE,2,4,8.75,82,Photography Club,Pilot,No,Merit
STU-0093,CT,4,7,8.51,66,NCC,Software Engineer,No,
STU-0094,DS,4,7,5.88,99,Drama Club,Data Scientist,Yes,OBC
STU-0095,CE,4,7,6.94,94,NSS,Data Scientist,No,OBC
STU-0096,RE,1,2,5.99,66,NSS,Software Engineer,No,
STU-0097,CS,3,5,6.69,81,Photography Club,Entrepreneur,No,OBC
STU-0098,DS,2,4,7.06,87,Coding Club,AI Engineer,No,OBC
STU-0099,ETC,3,6,7.81,79,NCC,Research Scientist,Yes,ST
STU-0100,RE,3,6,9.06,99,Photography Club,Software Engineer,No,OBC
STU-0101,AE,4,8,9.69,61,Robotics Club,Entrepreneur,No,ST
STU-0102,ME,3,6,8.94,64,Sports Club,Research Scientist,No,SC
STU-0103,AE,1,2,7.68,80,Sports Club,Professor,Yes,Merit
STU-0104,EC,1,1,5.82,71,Coding Club,AI Engineer,Yes,
STU-0105,ETC,3,5,7.89,90,Music Club,Data Scientist,Yes,SC
STU-0106,DS,1,2,5.64,94,Drama Club,Professor,Yes,ST
STU-0107,EE,2,3,8.79,74,Photography Club,Entrepreneur,Yes,EWS
STU-0108,EE,2,4,9.14,81,Coding Club,Research Scientist,No,OBC
STU-0109,ME,3,6,8.19,86,Robotics Club,Data Scientist,Yes,
STU-0110,IT,1,2,7.65,96,Robotics Club,Robotics Engineer,No,OBC
STU-0111,EE,1,2,6.98,70,Coding Club,AI Engineer,Yes,
STU-0112,CT,2,3,7.03,99,Coding Club,Software Engineer,No,OBC
STU-0113,EC,2,4,8.94,64,Music Club,Data Scientist,No,OBC
STU-0114,CS,3,5,7.78,70,Music Club,Professor,Yes,Merit
STU-0115,EE,4,7,9.22,77,Drama Club,Software Engineer,No,OBC
STU-0116,IIOT,1,1,8.16,79,Photography Club,Pilot,No,OBC
STU-0117,ME,2,4,9.54,85,Coding Club,Pilot,No,EWS
STU-0118,IT,2,3,6.28,87,Drama Club,Entrepreneur,No,OBC
STU-0119,AE,1,2,9.01,71,Music Club,Pilot,Yes,Merit
STU-0120,CS,1,1,9.09,99,Sports Club,Professor,No,
STU-0121,EC,1,1,7.33,64,Sports Club,Data Scientist,Yes,EWS
STU-0122,EE,1,1,7.46,95,Sports Club,Software Engineer,No,ST
STU-0123,ETC,4,7,9.65,84,Music Club,Research Scientist,No,Merit
STU-0124,ME,4,7,9.28,68,Robotics Club,Professor,Yes,ST
STU-0125,CE,2,4,8.76,76,NCC,Professor,Yes,
STU-0126,IIOT,1,2,9.78,84,Sports Club,AI Engineer,Yes,
STU-0127,EE,2,4,9.16,100,Robotics Club,Entrepreneur,Yes,Merit
STU-0128,AI/ML,3,5,8.17,75,Sports Club,Robotics Engineer,No,Merit
STU-0129,CE,1,2,6.87,69,Photography Club,Robotics Engineer,No,SC
STU-0130,AE,1,2,8.29,94,Music Club,Data Scientist,No,
STU-0131,EC,1,2,9.56,72,Drama Club,Professor,Yes,SC
STU-0132,EC,4,7,7.73,69,Drama Club,AI Engineer,No,EWS
STU-0133,EE,3,5,8.79,90,Music Club,Professor,Yes,EWS
STU-0134,EE,4,8,6.4,75,Coding Club,Software Engineer,Yes,OBC
STU-0135,RE,4,7,6.58,70,NSS,Pilot,No,ST
STU-0136,EE,2,3,9.74,72,Coding Club,Entrepreneur,Yes,SC
STU-0137,IT,1,2,8.75,99,Drama Club,Software Engineer,Yes,OBC
STU-0138,IT,4,8,9.7,88,Sports Club,Data Scientist,No,ST
STU-0139,RE,2,4,9.47,70,Sports Club,Professor,No,EWS
STU-0140,IIOT,1,1,7.91,94,Robotics Club,Pilot,Yes,
STU-0141,AI/ML,4,7,8.15,62,Music Club,Robotics Engineer,No,Merit
STU-0142,AE,2,3,8.38,90,Coding Club,Professor,No,SC
STU-0143,ME,2,3,6.51,92,Robotics Club,Professor,No,Merit
STU-0144,EE,2,3,6.97,64,Coding Club,AI Engineer,Yes,
STU-0145,AE,1,2,6.13,85,Robotics Club,Research Scientist,No,ST
STU-0146,CS,3,6,6.29,85,Photography Club,Research Scientist,Yes,Merit
STU-0147,AI/ML,4,8,6.98,61,Robotics Club,Data Scientist,No,SC
STU-0148,CT,4,7,8.91,87,Robotics Club,Data Scientist,No,SC
STU-0149,CS,1,2,8.75,100,NSS,AI Engineer,No,EWS
STU-0150,AI/ML,1,1,5.67,90,NCC,Research Scientist,Yes,OBC
STU-0151,ETC,2,3,9.29,84,Sports Club,AI Engineer,Yes,EWS
STU-0152,CE,4,8,6.43,77,Music Club,Professor,No,EWS
STU-0153,ME,4,7,8.68,91,Sports Club,Research Scientist,Yes,OBC
STU-0154,EC,3,5,8.1,96,Robotics Club,Data Scientist,Yes,SC
STU-0155,DS,3,6,6.13,81,Sports Club,Software Engineer,No,ST
STU-0156,CT,4,8,9.45,60,Music Club,Robotics Engineer,No,Merit
STU-0157,DS,4,8,7.69,78,Music Club,Research Scientist,Yes,OBC
STU-0158,CS,4,8,6.37,60,NSS,Professor,Yes,
STU-0159,ME,2,3,9.68,81,Drama Club,AI Engineer,Yes,
STU-0160,IT,1,1,8.57,84,NSS,Data Scientist,No,Merit
STU-0161,DS,1,1,8.26,73,Robotics Club,Data Scientist,Yes,
STU-0162,DS,3,6,8.16,93,NCC,Pilot,Yes,OBC
STU-0163,IT,4,7,5.75,97,Drama Club,AI Engineer,Yes,OBC
STU-0164,IIOT,4,8,7.01,83,NSS,Research Scientist,Yes,SC
STU-0165,ETC,3,6,6.43,63,Drama Club,AI Engineer,Yes,EWS
STU-0166,CT,3,5,6.07,82,NCC,Research Scientist,Yes,EWS
STU-0167,CE,2,3,8.83,96,NSS,Data Scientist,No,ST
STU-0168,IT,3,5,5.81,68,NSS,AI Engineer,No,
STU-0169,RE,1,2,7.21,86,Music Club,Entrepreneur,No,Merit
STU-0170,EE,2,4,8.22,63,Coding Club,Pilot,No,ST
STU-0171,IIOT,3,5,6.37,78,NCC,Research Scientist,No,Merit
STU-0172,ETC,3,5,9.76,81,Photography Club,AI Engineer,No,Merit
STU-0173,EE,4,8,7.45,95,Music Club,Software Engineer,Yes,ST
STU-0174,CT,3,5,6.75,72,NSS,Data Scientist,No,
STU-0175,EC,3,6,8.46,91,Coding Club,AI Engineer,No,OBC
STU-0176,AI/ML,1,2,8.66,85,NSS,Pilot,Yes,SC
STU-0177,IT,3,5,8.09,100,Sports Club,Software Engineer,No,SC
STU-0178,RE,2,3,9.0,93,Photography Club,Professor,Yes,OBC
STU-0179,DS,1,2,8.84,76,NSS,Research Scientist,Yes,
STU-0180,EC,2,4,9.78,89,Photography Club,Data Scientist,No,SC
STU-0181,AE,4,8,8.66,92,Coding Club,Robotics Engineer,Yes,EWS
STU-0182,CS,1,2,9.75,96,Coding Club,AI Engineer,No,OBC
STU-0183,IT,3,5,8.33,69,Robotics Club,Entrepreneur,No,
STU-0184,EE,1,1,9.28,97,Drama Club,Data Scientist,Yes,SC
STU-0185,AE,3,6,8.8,88,Music Club,Professor,Yes,SC
STU-0186,CS,3,6,7.2,60,Coding Club,Professor,Yes,OBC
STU-0187,IT,3,5,6.45,82,Coding Club,Data Scientist,No,ST
STU-0188,IT,4,8,9.48,91,Robotics Club,Pilot,No,Merit
STU-0189,CS,4,7,5.54,62,Music Club,Entrepreneur,No,EWS
STU-0190,CT,2,3,8.52,78,Photography Club,AI Engineer,No,ST
STU-0191,EE,2,4,8.52,78,NSS,Professor,Yes,SC
STU-0192,EC,1,2,8.54,93,Sports Club,Research Scientist,No,Merit
STU-0193,RE,4,7,7.35,73,Robotics Club,Research Scientist,Yes,EWS
STU-0194,CS,4,7,7.48,87,Photography Club,AI Engineer,Yes,EWS
STU-0195,ETC,2,3,7.76,91,NSS,AI Engineer,No,EWS
STU-0196,DS,1,2,9.35,66,NSS,Software Engineer,Yes,ST
STU-0197,ETC,1,2,9.67,90,Sports Club,Professor,Yes,OBC
STU-0198,CE,2,4,7.59,68,NCC,Pilot,Yes,SC
STU-0199,CT,4,8,6.02,82,Music Club,Entrepreneur,No,
STU-0200,AI/ML,4,7,9.44,63,Music Club,Pilot,Yes,Merit
STU-0201,AE,3,6,9.67,97,Coding Club,AI Engineer,No,
STU-0202,ME,4,7,6.29,97,Coding Club,Pilot,No,OBC
STU-0203,RE,1,1,7.4,77,Photography Club,Research Scientist,Yes,OBC
STU-0204,EE,2,4,7.03,85,Music Club,Pilot,Yes,ST
STU-0205,AE,2,3,6.7,83,Robotics Club,Professor,No,SC
STU-0206,DS,2,4,9.3,77,Robotics Club,Data Scientist,No,OBC
STU-0207,CS,1,2,6.79,65,NCC,Research Scientist,No,OBC
STU-0208,RE,4,7,5.89,88,Sports Club,Software Engineer,Yes,SC
STU-0209,ME,3,5,6.97,60,Robotics Club,Data Scientist,Yes,Merit
STU-0210,RE,4,8,8.95,75,Music Club,Entrepreneur,Yes,OBC
STU-0211,EE,1,2,5.77,88,Sports Club,Professor,Yes,OBC
STU-0212,AI/ML,4,7,5.69,94,Sports Club,Pilot,Yes,ST
STU-0213,IT,3,6,6.93,66,Photography Club,Entrepreneur,Yes,SC
STU-0214,ETC,4,8,7.9,85,Drama Club,Research Scientist,Yes,SC
STU-0215,CE,2,4,7.61,78,NSS,Pilot,Yes,
STU-0216,AE,4,8,8.93,99,NCC,Professor,Yes,SC
STU-0217,AI/ML,2,4,7.65,89,Music Club,Professor,Yes,Merit
STU-0218,DS,1,1,7.99,69,Robotics Club,Research Scientist,No,SC
STU-0219,CS,1,1,9.11,81,NCC,AI Engineer,No,EWS
STU-0220,EE,1,1,8.29,86,Sports Club,Entrepreneur,No,OBC
STU-0221,IT,4,8,8.9,69,Sports Club,Software Engineer,Yes,ST
STU-0222,ETC,1,2,6.62,71,Music Club,Software Engineer,No,OBC
STU-0223,ME,1,2,6.59,71,Drama Club,Entrepreneur,No,EWS
STU-0224,CE,4,7,6.0,76,Coding Club,Software Engineer,Yes,
STU-0225,ETC,3,5,7.08,67,NCC,Pilot,No,ST
STU-0226,IIOT,3,5,6.68,85,NSS,Data Scientist,No,ST
STU-0227,EC,1,1,5.83,63,Coding Club,Entrepreneur,Yes,Merit
STU-0228,ME,2,4,8.01,82,Sports Club,Research Scientist,Yes,SC
STU-0229,CT,2,3,8.72,68,Photography Club,Data Scientist,Yes,Merit
STU-0230,IIOT,2,4,6.62,70,Coding Club,AI Engineer,No,SC
STU-0231,RE,3,5,7.35,78,Music Club,Software Engineer,Yes,SC
STU-0232,CE,2,3,5.7,86,NCC,Professor,Yes,OBC
STU-0233,AI/ML,1,2,5.61,65,NSS,Entrepreneur,Yes,Merit
STU-0234,CE,2,3,7.85,74,Music Club,Data Scientist,No,ST
STU-0235,AE,1,2,5.98,100,Music Club,Robotics Engineer,Yes,ST
STU-0236,IIOT,3,5,7.14,91,Coding Club,Entrepreneur,Yes,SC
STU-0237,AE,3,5,7.55,93,Drama Club,AI Engineer,No,
STU-0238,IIOT,1,1,5.72,99,Drama Club,AI Engineer,No,OBC
STU-0239,CT,4,8,9.01,61,Sports Club,Pilot,No,ST
STU-0240,IT,4,7,6.04,73,Music Club,AI Engineer,Yes,SC
STU-0241,CT,4,8,6.87,71,Coding Club,Software Engineer,No,EWS
STU-0242,EE,2,4,6.08,96,Sports Club,Research Scientist,Yes,EWS
STU-0243,IT,1,1,6.83,88,Photography Club,Robotics Engineer,No,ST
STU-0244,IT,4,8,5.93,63,Robotics Club,Research Scientist,Yes,OBC
STU-0245,ETC,2,3,5.88,67,Photography Club,Pilot,Yes,EWS
STU-0246,DS,3,6,8.46,77,NSS,Research Scientist,Yes,SC
STU-0247,CS,3,5,8.25,78,NCC,Pilot,No,OBC
STU-0248,CE,4,8,9.54,61,Coding Club,Professor,Yes,
STU-0249,CE,3,6,9.1,97,Robotics Club,Professor,No,Merit
STU-0250,ETC,4,7,8.63,70,Coding Club,Software Engineer,Yes,ST
STU-0251,RE,4,7,7.78,65,Coding Club,Data Scientist,No,Merit
STU-0252,ETC,1,2,9.86,68,NSS,Data Scientist,No,SC
STU-0253,RE,2,4,6.96,81,Robotics Club,Data Scientist,Yes,OBC
STU-0254,ETC,2,3,7.5,75,Robotics Club,Research Scientist,Yes,OBC
STU-0255,ETC,1,1,9.3,69,Music Club,AI Engineer,No,Merit
STU-0256,IIOT,2,4,6.29,83,Robotics Club,Data Scientist,Yes,
STU-0257,IT,1,2,7.27,67,Sports Club,Entrepreneur,No,Merit
STU-0258,IIOT,2,4,7.75,94,Photography Club,AI Engineer,No,ST
STU-0259,DS,2,4,6.95,90,Coding Club,Entrepreneur,No,EWS
STU-0260,EC,3,5,6.45,94,Robotics Club,Entrepreneur,No,ST
STU-0261,IIOT,2,3,6.19,100,Drama Club,Robotics Engineer,No,SC
STU-0262,AE,3,6,5.52,69,Coding Club,Software Engineer,Yes,
STU-0263,RE,2,4,9.68,85,Music Club,Pilot,Yes,ST
STU-0264,IIOT,3,5,5.99,95,NSS,Entrepreneur,No,ST
STU-0265,CT,1,1,7.68,85,NSS,Entrepreneur,No,
STU-0266,CT,1,1,6.17,65,Drama Club,Data Scientist,Yes,EWS
STU-0267,EE,3,6,6.14,84,Drama Club,Entrepreneur,Yes,EWS
STU-0268,CT,3,6,8.9,69,NSS,Research Scientist,No,Merit
STU-0269,ME,1,1,9.17,84,Robotics Club,Professor,No,ST
STU-0270,AE,4,7,6.93,65,Coding Club,AI Engineer,Yes,
STU-0271,IIOT,4,7,8.76,77,Music Club,Entrepreneur,No,OBC
STU-0272,CT,2,3,5.58,98,Sports Club,Research Scientist,Yes,ST
STU-0273,CE,4,7,8.24,62,Robotics Club,Pilot,Yes,SC
STU-0274,AI/ML,4,8,7.36,82,Coding Club,Software Engineer,Yes,
STU-0275,AI/ML,3,5,6.24,85,Drama Club,Professor,Yes,EWS
STU-0276,ME,4,7,6.62,98,Music Club,Software Engineer,Yes,ST
STU-0277,RE,2,3,6.71,93,NSS,Research Scientist,Yes,Merit
STU-0278,IIOT,4,7,8.24,89,Robotics Club,Software Engineer,No,Merit
STU-0279,ME,4,8,7.75,61,Coding Club,AI Engineer,No,
STU-0280,IIOT,1,2,8.41,63,Coding Club,Software Engineer,Yes,Merit
STU-0281,RE,2,3,8.36,77,Sports Club,Pilot,Yes,EWS
STU-0282,DS,1,2,6.5,70,Music Club,Entrepreneur,No,Merit
STU-0283,CE,3,5,6.62,73,Coding Club,Professor,No,OBC
STU-0284,DS,2,3,5.74,91,Photography Club,Professor,No,EWS
STU-0285,RE,4,7,9.36,81,NSS,Research Scientist,No,SC
STU-0286,IT,2,4,9.65,70,Photography Club,Robotics Engineer,No,ST
STU-0287,AE,1,2,9.5,77,NSS,Software Engineer,Yes,EWS
STU-0288,AI/ML,2,4,8.71,83,Sports Club,Software Engineer,Yes,SC
STU-0289,IIOT,1,1,7.26,77,Photography Club,Software Engineer,No,OBC
STU-0290,EE,3,6,6.37,64,NCC,Professor,Yes,
STU-0291,CS,2,4,6.45,81,Coding Club,Pilot,No,EWS
STU-0292,CS,1,1,5.57,83,Coding Club,Data Scientist,No,EWS
STU-0293,DS,1,1,5.55,75,NSS,Software Engineer,No,
STU-0294,CT,3,6,9.59,71,Sports Club,Data Scientist,No,
STU-0295,AE,4,8,6.56,95,Drama Club,Pilot,Yes,SC
STU-0296,AE,4,8,8.38,71,Robotics Club,Entrepreneur,Yes,
STU-0297,AI/ML,4,8,6.36,84,Coding Club,Robotics Engineer,No,ST
STU-0298,ME,1,1,6.07,81,Sports Club,Professor,Yes,SC
STU-0299,RE,1,2,7.48,95,Robotics Club,Pilot,No,
STU-0300,EC,3,5,9.19,80,Drama Club,Research Scientist,No,
STU-0301,ETC,2,4,6.19,64,Music Club,Robotics Engineer,Yes,ST
STU-0302,IIOT,4,8,8.99,82,NSS,Software Engineer,No,
STU-0303,IT,1,1,8.52,82,NSS,Pilot,No,
STU-0304,RE,4,8,8.76,65,Sports Club,Professor,Yes,Merit
STU-0305,EE,2,3,7.92,91,NSS,Entrepreneur,Yes,Merit
STU-0306,DS,3,5,8.28,95,NSS,Research Scientist,No,ST
STU-0307,ETC,2,4,5.86,61,Photography Club,Robotics Engineer,No,Merit
STU-0308,RE,1,1,8.36,78,NCC,Pilot,No,Merit
STU-0309,CE,4,7,8.94,85,NSS,Research Scientist,Yes,EWS
STU-0310,CE,3,5,8.78,75,Photography Club,Research Scientist,No,Merit
STU-0311,RE,2,3,7.09,86,NCC,Professor,No,OBC
STU-0312,CT,4,7,6.41,92,Coding Club,Entrepreneur,No,OBC
STU-0313,DS,3,5,6.07,85,Music Club,Entrepreneur,Yes,
STU-0314,CS,2,4,8.5,65,Music Club,Robotics Engineer,Yes,ST
STU-0315,EE,4,8,7.09,62,Sports Club,Software Engineer,No,EWS
STU-0316,ME,2,3,9.62,72,Robotics Club,Entrepreneur,No,EWS
STU-0317,DS,4,8,6.27,90,NCC,Robotics Engineer,No,EWS
STU-0318,CE,3,6,6.05,84,Music Club,AI Engineer,Yes,OBC
STU-0319,AE,1,1,7.42,63,Drama Club,Research Scientist,Yes,Merit
STU-0320,ME,2,3,6.61,65,Photography Club,AI Engineer,No,SC
STU-0321,IIOT,1,1,9.11,73,Robotics Club,AI Engineer,Yes,ST
STU-0322,IT,1,1,8.0,82,Robotics Club,Research Scientist,No,ST
STU-0323,IT,2,4,7.13,66,Sports Club,Software Engineer,Yes,ST
STU-0324,CS,1,1,8.67,100,Coding Club,Entrepreneur,Yes,OBC
STU-0325,ETC,4,7,7.63,64,Coding Club,Entrepreneur,No,OBC
STU-0326,RE,4,7,7.0,92,Sports Club,Software Engineer,Yes,
STU-0327,IT,2,4,7.68,75,Music Club,Pilot,Yes,EWS
STU-0328,IIOT,2,3,8.85,73,NCC,Research Scientist,Yes,Merit
STU-0329,CS,2,3,7.82,68,NSS,Research Scientist,Yes,Merit
STU-0330,ETC,1,1,5.92,84,Coding Club,AI Engineer,No,SC
STU-0331,IIOT,1,1,7.13,94,Drama Club,Research Scientist,Yes,ST
STU-0332,ME,4,7,6.33,89,Coding Club,Robotics Engineer,No,Merit
STU-0333,CS,3,6,6.88,100,Drama Club,Pilot,Yes,ST
STU-0334,ME,3,6,5.5,80,NCC,Software Engineer,Yes,Merit
STU-0335,RE,3,6,9.79,69,Drama Club,Pilot,No,OBC
STU-0336,CT,2,3,9.68,70,Coding Club,AI Engineer,Yes,OBC
STU-0337,AE,1,2,8.86,60,Sports Club,Research Scientist,No,OBC
STU-0338,IIOT,1,1,8.13,61,Drama Club,Pilot,No,OBC
STU-0339,ME,3,5,6.14,98,Sports Club,Entrepreneur,No,SC
STU-0340,DS,1,1,6.19,74,NSS,Research Scientist,No,Merit
STU-0341,AE,4,7,6.38,93,NSS,Data Scientist,No,SC
STU-0342,CT,2,3,9.88,97,Sports Club,Pilot,No,EWS
STU-0343,EC,1,2,6.47,62,Sports Club,Research Scientist,No,EWS
STU-0344,CS,4,7,9.21,83,Photography Club,Robotics Engineer,No,
STU-0345,EE,3,5,9.02,60,Robotics Club,Professor,No,Merit
STU-0346,AI/ML,4,7,7.89,75,Drama Club,Research Scientist,Yes,EWS
STU-0347,AE,3,5,8.07,100,NSS,Research Scientist,Yes,OBC
STU-0348,AE,1,2,7.8,91,NSS,Software Engineer,No,SC
STU-0349,ETC,4,7,7.34,87,Music Club,Research Scientist,Yes,OBC
STU-0350,ETC,4,7,8.92,81,Sports Club,Professor,Yes,
STU-0351,IIOT,3,5,9.81,79,Drama Club,AI Engineer,Yes,SC
STU-0352,ETC,2,3,6.2,88,Coding Club,Robotics Engineer,No,Merit
STU-0353,DS,2,4,8.67,88,Robotics Club,AI Engineer,Yes,SC
STU-0354,RE,4,8,8.62,87,Photography Club,Pilot,No,SC
STU-0355,CT,3,5,5.98,80,NSS,Pilot,Yes,OBC
STU-0356,CE,3,6,8.64,71,Drama Club,Research Scientist,No,ST
STU-0357,CT,1,1,7.59,74,Coding Club,Robotics Engineer,No,ST
STU-0358,RE,4,7,6.12,60,Robotics Club,Entrepreneur,Yes,OBC
STU-0359,CT,1,2,7.5,79,Music Club,Pilot,No,ST
STU-0360,ME,4,7,6.28,90,Drama Club,Robotics Engineer,No,EWS
STU-0361,RE,4,7,7.82,93,Drama Club,Professor,Yes,ST
STU-0362,AE,3,5,6.06,69,Sports Club,Software Engineer,No,ST
STU-0363,EE,4,8,8.76,66,NSS,Research Scientist,No,Merit
STU-0364,ETC,1,1,6.71,81,NCC,Research Scientist,Yes,EWS
STU-0365,DS,1,1,5.74,100,Sports Club,Professor,No,ST
STU-0366,CT,4,8,8.86,74,Drama Club,Pilot,No,Merit
STU-0367,AI/ML,2,4,8.75,71,NCC,Robotics Engineer,No,EWS
STU-0368,EC,2,3,7.06,72,NCC,AI Engineer,No,EWS
STU-0369,IT,2,3,7.05,97,Sports Club,Research Scientist,No,SC
STU-0370,ETC,2,4,6.51,75,Robotics Club,Data Scientist,Yes,EWS
STU-0371,AE,3,5,9.13,77,Drama Club,Professor,No,SC
STU-0372,CE,1,2,9.66,91,Music Club,Research Scientist,No,EWS
STU-0373,CS,4,7,7.22,77,Sports Club,AI Engineer,No,ST
STU-0374,EC,2,4,5.52,78,Coding Club,Entrepreneur,No,EWS
STU-0375,IIOT,2,4,9.25,80,Drama Club,AI Engineer,Yes,Merit
STU-0376,AI/ML,3,6,5.93,74,Photography Club,Pilot,Yes,ST
STU-0377,ETC,3,6,6.88,88,Photography Club,AI Engineer,Yes,OBC
STU-0378,IT,1,2,6.02,84,Robotics Club,Robotics Engineer,No,OBC
STU-0379,IT,3,6,7.8,71,NSS,Entrepreneur,Yes,SC
STU-0380,IIOT,2,4,6.96,76,Music Club,Professor,Yes,Merit
STU-0381,IT,3,6,5.99,66,Drama Club,AI Engineer,Yes,Merit
STU-0382,AI/ML,1,1,6.93,68,Drama Club,Software Engineer,No,Merit
STU-0383,CT,2,3,8.75,82,Robotics Club,Professor,No,SC
STU-0384,ME,3,5,7.79,87,NSS,Robotics Engineer,Yes,
STU-0385,ETC,1,1,8.58,64,Photography Club,Entrepreneur,No,EWS
STU-0386,RE,2,3,7.94,77,Photography Club,Data Scientist,No,ST
STU-0387,CT,3,6,7.52,63,Drama Club,Data Scientist,Yes,EWS
STU-0388,RE,3,6,8.34,97,Photography Club,AI Engineer,Yes,
STU-0389,IIOT,4,7,8.47,68,Coding Club,Entrepreneur,No,SC
STU-0390,AI/ML,1,1,8.86,85,Coding Club,Data Scientist,No,Merit
STU-0391,AE,2,3,8.1,93,Music Club,Software Engineer,No,OBC
STU-0392,AE,1,1,7.32,87,Coding Club,Pilot,Yes,EWS
STU-0393,DS,3,5,6.27,67,Sports Club,Professor,Yes,Merit
STU-0394,IIOT,3,5,7.41,75,Sports Club,Pilot,No,Merit
STU-0395,DS,2,4,8.14,86,Robotics Club,Pilot,Yes,ST
STU-0396,AE,4,8,9.16,98,Photography Club,Data Scientist,No,ST
STU-0397,IIOT,3,6,6.03,98,Music Club,Pilot,No,SC
STU-0398,DS,1,2,5.54,61,Music Club,AI Engineer,No,SC
STU-0399,IT,4,7,7.85,86,Sports Club,Research Scientist,Yes,Merit
STU-0400,CE,4,8,9.81,79,NCC,AI Engineer,No,EWS
STU-0401,ME,4,8,8.99,78,Coding Club,Robotics Engineer,Yes,OBC
STU-0402,AE,4,7,8.92,96,NSS,Robotics Engineer,Yes,
STU-0403,DS,3,6,8.51,92,NCC,Pilot,Yes,
STU-0404,RE,3,5,8.85,83,Coding Club,Pilot,No,Merit
STU-0405,AI/ML,2,3,8.12,86,Coding Club,AI Engineer,Yes,SC
STU-0406,DS,3,6,7.48,69,Sports Club,Pilot,Yes,ST
STU-0407,RE,2,3,8.76,77,Sports Club,Data Scientist,No,
STU-0408,EC,4,8,6.24,71,Drama Club,Research Scientist,Yes,OBC
STU-0409,DS,3,5,9.79,86,Music Club,Professor,Yes,ST
STU-0410,IT,2,4,6.14,98,Sports Club,Research Scientist,No,
STU-0411,DS,3,5,9.02,96,Drama Club,Software Engineer,No,ST
STU-0412,CT,3,5,9.57,77,NSS,Software Engineer,Yes,ST
STU-0413,IT,2,3,6.01,64,Music Club,Software Engineer,Yes,
STU-0414,RE,2,4,8.03,92,NCC,Research Scientist,No,EWS
STU-0415,EC,1,1,9.71,74,Coding Club,Software Engineer,No,SC
STU-0416,EE,1,2,9.35,77,Robotics Club,Data Scientist,No,ST
STU-0417,EC,1,1,6.08,72,Coding Club,Software Engineer,Yes,OBC
STU-0418,EE,2,3,7.05,83,Drama Club,Research Scientist,Yes,
STU-0419,EC,1,1,6.96,94,Sports Club,Robotics Engineer,No,OBC
STU-0420,AE,3,6,9.67,60,Photography Club,AI Engineer,Yes,ST
STU-0421,ME,3,5,9.05,89,Music Club,Research Scientist,Yes,EWS
STU-0422,RE,2,3,6.81,91,NCC,Data Scientist,No,ST
STU-0423,CS,1,1,8.1,66,NCC,AI Engineer,No,SC
STU-0424,AE,1,1,6.89,93,Photography Club,Pilot,No,
STU-0425,ETC,3,5,7.78,71,Sports Club,AI Engineer,No,Merit
STU-0426,CT,2,3,8.13,75,Drama Club,Pilot,No,SC
STU-0427,CT,1,2,7.92,68,NSS,Software Engineer,No,EWS
STU-0428,RE,2,3,8.22,76,Sports Club,AI Engineer,No,EWS
STU-0429,IIOT,2,4,5.56,91,NCC,Data Scientist,No,
STU-0430,DS,3,6,9.85,88,NSS,Entrepreneur,No,EWS
STU-0431,AI/ML,2,3,7.98,72,Coding Club,Entrepreneur,Yes,Merit
STU-0432,IIOT,3,5,7.82,61,Robotics Club,Robotics Engineer,Yes,SC
STU-0433,ME,2,4,9.45,87,NCC,Software Engineer,No,EWS
STU-0434,ME,3,5,7.71,72,Music Club,Pilot,No,Merit
STU-0435,IT,1,2,7.76,69,Robotics Club,Entrepreneur,No,OBC
STU-0436,IIOT,2,3,7.82,69,Coding Club,Robotics Engineer,Yes,Merit
STU-0437,CT,4,7,5.93,77,Robotics Club,Entrepreneur,No,OBC
STU-0438,CS,3,6,6.76,98,Coding Club,Data Scientist,No,SC
STU-0439,IT,4,8,5.87,90,Coding Club,Robotics Engineer,No,ST
STU-0440,CE,2,4,5.57,69,Music Club,Research Scientist,No,Merit
STU-0441,AI/ML,3,5,9.46,78,Photography Club,Software Engineer,No,ST
STU-0442,RE,2,4,6.14,67,NCC,Software Engineer,Yes,SC
STU-0443,RE,2,3,7.59,78,Drama Club,Robotics Engineer,No,EWS
STU-0444,CE,2,4,6.95,89,Coding Club,Pilot,Yes,Merit
STU-0445,AE,1,2,9.16,78,Robotics Club,Pilot,Yes,SC
STU-0446,RE,4,8,9.21,80,Robotics Club,Data Scientist,No,EWS
STU-0447,CT,3,5,8.74,88,Drama Club,Robotics Engineer,Yes,OBC
STU-0448,RE,1,2,6.62,90,Sports Club,AI Engineer,No,EWS
STU-0449,ETC,2,4,8.73,88,Drama Club,Data Scientist,Yes,
STU-0450,DS,1,2,6.79,89,Photography Club,Data Scientist,Yes,ST
STU-0451,ETC,3,6,7.51,67,Photography Club,AI Engineer,No,Merit
STU-0452,CE,3,6,5.79,65,NCC,Entrepreneur,Yes,Merit
STU-0453,ME,4,7,6.65,61,NCC,Entrepreneur,No,Merit
STU-0454,EC,2,3,6.64,73,Music Club,AI Engineer,No,OBC
STU-0455,CE,2,4,9.65,84,NSS,AI Engineer,Yes,Merit
STU-0456,DS,2,3,5.66,84,Photography Club,Entrepreneur,No,OBC
STU-0457,DS,1,1,8.5,63,Photography Club,Professor,No,EWS
STU-0458,AI/ML,4,8,6.84,80,Robotics Club,Data Scientist,Yes,EWS
STU-0459,RE,3,6,9.6,74,Sports Club,Robotics Engineer,Yes,SC
STU-0460,AE,3,6,9.44,62,Coding Club,Robotics Engineer,Yes,
STU-0461,IIOT,2,3,8.2,64,Coding Club,Software Engineer,No,OBC
STU-0462,AE,3,6,7.47,68,Photography Club,AI Engineer,No,
STU-0463,EC,4,8,7.61,86,Sports Club,Professor,Yes,SC
STU-0464,CT,3,5,6.87,75,Sports Club,Software Engineer,Yes,
STU-0465,IT,4,8,6.7,63,Photography Club,AI Engineer,No,ST
STU-0466,CE,3,6,7.84,87,Sports Club,Software Engineer,No,Merit
STU-0467,CS,3,6,6.49,80,NSS,Data Scientist,Yes,Merit
STU-0468,DS,1,1,5.63,79,Robotics Club,Pilot,No,SC
STU-0469,IT,4,8,9.79,67,Music Club,Data Scientist,No,EWS
STU-0470,EE,3,5,5.87,78,Robotics Club,AI Engineer,No,EWS
STU-0471,ME,2,4,7.67,74,Robotics Club,Robotics Engineer,Yes,SC
STU-0472,AI/ML,3,6,6.76,92,Music Club,Data Scientist,Yes,
STU-0473,CS,1,1,7.17,86,Music Club,Entrepreneur,Yes,
STU-0474,DS,4,7,8.87,73,NCC,Research Scientist,No,EWS
STU-0475,CE,4,7,8.58,86,Coding Club,Research Scientist,No,EWS
STU-0476,IIOT,1,2,8.82,100,Photography Club,Pilot,Yes,SC
STU-0477,ME,2,3,7.72,72,NSS,AI Engineer,Yes,Merit
STU-0478,RE,2,4,6.97,68,Drama Club,Data Scientist,No,
STU-0479,EC,1,2,6.67,63,Robotics Club,Software Engineer,No,
STU-0480,EC,2,3,9.3,89,Music Club,Robotics Engineer,Yes,Merit
STU-0481,AE,3,6,8.31,98,Drama Club,Entrepreneur,No,ST
STU-0482,ME,3,6,7.96,85,Sports Club,Research Scientist,No,
STU-0483,ETC,1,2,8.81,97,Drama Club,AI Engineer,No,ST
STU-0484,CE,2,3,7.04,63,NCC,Data Scientist,Yes,Merit
STU-0485,IIOT,3,5,8.25,73,NSS,Entrepreneur,No,Merit
STU-0486,ETC,4,8,7.55,64,NCC,Robotics Engineer,No,ST
STU-0487,IIOT,4,7,5.68,89,Photography Club,Pilot,Yes,SC
STU-0488,CT,3,6,7.59,72,Coding Club,Data Scientist,No,Merit
STU-0489,CT,1,1,9.85,96,Robotics Club,Professor,No,SC
STU-0490,AI/ML,3,5,5.9,96,NCC,Robotics Engineer,No,
STU-0491,EC,1,2,9.5,75,NCC,Research Scientist,No,OBC
STU-0492,EC,2,4,5.6,100,NCC,Research Scientist,Yes,OBC
STU-0493,IIOT,1,1,9.04,90,Music Club,Data Scientist,Yes,EWS
STU-0494,DS,3,5,6.34,60,Photography Club,Professor,No,EWS
STU-0495,IIOT,4,7,9.86,64,Photography Club,Pilot,Yes,SC
STU-0496,ETC,4,7,5.85,71,NCC,Software Engineer,Yes,
STU-0497,EE,4,8,9.28,67,NSS,AI Engineer,Yes,SC
STU-0498,AI/ML,2,3,6.16,88,Coding Club,Professor,Yes,EWS
STU-0499,CT,3,6,7.43,92,NCC,Professor,No,
STU-0500,AI/ML,2,4,6.36,81,Coding Club,Data Scientist,Yes,EWS
STU-0501,ETC,4,8,7.66,91,Photography Club,Data Scientist,Yes,Merit
STU-0502,CS,1,2,7.95,76,Photography Club,Pilot,Yes,OBC
STU-0503,RE,2,4,9.71,96,Music Club,Robotics Engineer,Yes,OBC
STU-0504,IT,3,5,9.42,66,Sports Club,Robotics Engineer,No,
STU-0505,EE,1,2,9.84,82,NCC,Robotics Engineer,No,SC
STU-0506,CS,3,5,7.35,90,Robotics Club,Research Scientist,Yes,
STU-0507,CE,1,2,8.42,99,Coding Club,Pilot,Yes,OBC
STU-0508,DS,2,4,7.87,98,NSS,Entrepreneur,Yes,OBC
STU-0509,ME,3,5,9.33,94,Photography Club,Entrepreneur,Yes,OBC
STU-0510,ME,1,1,5.87,76,Music Club,Entrepreneur,Yes,ST
STU-0511,CT,2,3,5.94,67,Music Club,Software Engineer,Yes,EWS
STU-0512,EC,4,8,8.21,78,NSS,Software Engineer,No,ST
STU-0513,IIOT,3,6,5.95,81,Music Club,AI Engineer,Yes,ST
STU-0514,IIOT,3,5,7.63,77,Photography Club,Robotics Engineer,No,OBC
STU-0515,IIOT,2,4,9.14,90,Photography Club,Robotics Engineer,Yes,Merit
STU-0516,CS,1,1,8.25,98,Sports Club,Robotics Engineer,No,Merit
STU-0517,ETC,3,5,9.84,82,Drama Club,AI Engineer,No,EWS
STU-0518,EC,1,1,7.3,85,Photography Club,Professor,No,EWS
STU-0519,CS,2,3,7.18,70,Drama Club,Entrepreneur,No,
STU-0520,IIOT,4,7,8.06,93,NSS,Professor,Yes,
STU-0521,EC,2,4,8.37,68,Music Club,Robotics Engineer,No,EWS
STU-0522,CS,4,8,7.21,90,Coding Club,Professor,No,EWS
STU-0523,ME,2,4,7.09,92,NSS,Research Scientist,Yes,
STU-0524,DS,4,7,6.24,85,NCC,AI Engineer,No,EWS
STU-0525,AI/ML,4,8,5.65,73,Music Club,Robotics Engineer,No,
STU-0526,RE,4,7,9.8,82,Photography Club,Professor,No,
STU-0527,EC,3,5,7.91,77,NSS,Research Scientist,Yes,
STU-0528,EC,1,2,7.14,66,Coding Club,Pilot,No,OBC
STU-0529,CS,3,5,7.45,64,Robotics Club,AI Engineer,No,Merit
STU-0530,DS,4,7,6.02,77,Sports Club,Professor,Yes,EWS
STU-0531,IIOT,1,1,7.27,60,NSS,Entrepreneur,No,EWS
STU-0532,CS,4,8,8.79,70,Drama Club,Pilot,Yes,EWS
STU-0533,EE,1,1,6.6,95,Music Club,AI Engineer,Yes,SC
STU-0534,DS,4,7,8.77,70,Sports Club,Data Scientist,No,Merit
STU-0535,ME,1,1,6.04,93,NSS,Data Scientist,No,SC
STU-0536,IT,3,6,8.18,90,Music Club,Entrepreneur,No,OBC
STU-0537,RE,4,8,8.22,62,NCC,Pilot,No,OBC
STU-0538,EC,3,5,8.73,81,Robotics Club,Pilot,Yes,EWS
STU-0539,ME,3,5,6.75,88,NCC,Entrepreneur,Yes,OBC
STU-0540,RE,3,6,6.33,75,Photography Club,Pilot,Yes,
STU-0541,ME,4,7,9.26,75,Photography Club,AI Engineer,No,SC
STU-0542,ME,2,4,9.66,94,Coding Club,Entrepreneur,No,
STU-0543,CE,2,3,9.62,70,NSS,Professor,Yes,EWS
STU-0544,IIOT,2,4,8.76,74,Drama Club,Robotics Engineer,No,
STU-0545,EE,3,6,6.91,83,Robotics Club,Data Scientist,Yes,OBC
STU-0546,ME,2,4,9.66,68,Drama Club,Data Scientist,Yes,EWS
STU-0547,RE,3,6,7.17,88,Drama Club,Pilot,Yes,SC
STU-0548,DS,3,5,6.68,73,Music Club,Research Scientist,No,ST
STU-0549,EE,1,2,5.89,98,Photography Club,Robotics Engineer,No,SC
STU-0550,IT,2,4,8.09,77,Robotics Club,Professor,Yes,SC
STU-0551,DS,3,6,7.51,67,NSS,Research Scientist,Yes,
STU-0552,EC,4,8,8.48,82,NSS,Software Engineer,No,EWS
STU-0553,CS,2,3,6.99,81,NCC,Data Scientist,No,SC
STU-0554,AE,1,1,6.34,96,NCC,Software Engineer,No,SC
STU-0555,ETC,3,5,8.2,65,Drama Club,Data Scientist,No,
STU-0556,ME,4,8,8.27,81,NCC,Robotics Engineer,No,SC
STU-0557,EE,4,8,6.39,74,Photography Club,Data Scientist,No,SC
STU-0558,EC,2,3,9.64,69,Photography Club,Data Scientist,No,
STU-0559,CS,2,4,9.42,99,Drama Club,Research Scientist,Yes,OBC
STU-0560,EE,1,1,6.46,60,Coding Club,Data Scientist,Yes,
STU-0561,DS,4,7,6.26,79,NSS,Entrepreneur,No,OBC
STU-0562,RE,1,2,5.77,83,Music Club,Professor,No,EWS
STU-0563,IT,3,5,6.5,69,Robotics Club,Entrepreneur,No,EWS
STU-0564,EE,3,6,6.09,60,NSS,Data Scientist,No,
STU-0565,EC,3,5,5.68,78,Sports Club,Data Scientist,No,ST
STU-0566,ETC,3,6,7.31,80,Robotics Club,Software Engineer,No,OBC
STU-0567,EC,4,7,9.5,84,NCC,Entrepreneur,No,SC
STU-0568,RE,1,1,8.44,74,Sports Club,Pilot,No,EWS
STU-0569,CS,4,7,6.53,83,NSS,Robotics Engineer,Yes,OBC
STU-0570,AE,4,8,8.92,72,NCC,Research Scientist,No,
STU-0571,EC,1,2,9.06,67,Drama Club,Entrepreneur,No,ST
STU-0572,CT,2,4,7.41,63,Robotics Club,Research Scientist,No,ST
STU-0573,RE,4,7,6.53,62,NSS,AI Engineer,No,EWS
STU-0574,EC,1,1,6.95,64,Coding Club,Professor,Yes,Merit
STU-0575,CE,3,5,9.04,88,Sports Club,Entrepreneur,No,EWS
STU-0576,CS,4,7,7.32,88,Coding Club,Software Engineer,Yes,ST
STU-0577,CE,2,3,9.69,100,Sports Club,Research Scientist,Yes,ST
STU-0578,RE,4,7,5.53,81,NSS,Robotics Engineer,Yes,OBC
STU-0579,IIOT,2,4,8.55,79,NSS,AI Engineer,No,
STU-0580,IIOT,2,3,9.7,65,Music Club,Robotics Engineer,Yes,ST
STU-0581,ME,2,3,8.65,69,Sports Club,AI Engineer,No,
STU-0582,DS,2,4,7.7,90,Music Club,Pilot,No,SC
STU-0583,AE,1,2,9.1,78,Coding Club,Data Scientist,No,Merit
STU-0584,EC,4,7,7.43,68,Drama Club,Professor,Yes,SC
STU-0585,CE,3,5,9.17,70,Music Club,Professor,No,EWS
STU-0586,ME,4,7,9.32,92,NSS,Data Scientist,No,
STU-0587,AE,4,7,7.47,75,Sports Club,Data Scientist,Yes,SC
STU-0588,CE,3,5,8.65,64,Photography Club,Professor,Yes,OBC
STU-0589,CE,1,2,8.78,78,Music Club,Research Scientist,Yes,Merit
STU-0590,EE,1,1,7.93,96,Photography Club,Pilot,Yes,Merit
STU-0591,CS,3,5,5.8,74,Robotics Club,Software Engineer,Yes,OBC
STU-0592,AE,2,4,6.37,90,Music Club,Professor,No,ST
STU-0593,IIOT,1,1,5.54,72,NSS,AI Engineer,No,EWS
STU-0594,IT,2,4,9.24,60,Photography Club,Entrepreneur,Yes,
STU-0595,AI/ML,3,6,7.65,60,Photography Club,Research Scientist,Yes,OBC
STU-0596,ME,3,6,8.87,85,NCC,Data Scientist,Yes,
STU-0597,ETC,4,7,8.77,65,Music Club,Research Scientist,Yes,ST
STU-0598,CS,4,7,8.33,95,NCC,Software Engineer,No,ST
STU-0599,CT,3,6,6.43,67,Coding Club,Professor,Yes,
STU-0600,CE,4,7,9.79,94,Sports Club,Software Engineer,Yes,SC
STU-0601,IIOT,3,5,7.02,65,Sports Club,Robotics Engineer,Yes,Merit
STU-0602,AI/ML,2,4,8.54,87,NSS,Professor,Yes,Merit
STU-0603,ETC,3,6,5.79,77,NSS,Pilot,No,EWS
STU-0604,CE,2,4,8.27,89,Robotics Club,AI Engineer,Yes,
STU-0605,AI/ML,4,8,6.82,63,Sports Club,Entrepreneur,Yes,Merit
STU-0606,IT,1,1,8.58,86,Drama Club,Data Scientist,Yes,SC
STU-0607,ETC,1,1,7.67,78,Music Club,Entrepreneur,No,Merit
STU-0608,RE,4,8,6.53,71,Coding Club,Pilot,No,SC
STU-0609,CE,2,3,9.71,63,NCC,Pilot,Yes,EWS
STU-0610,ME,1,1,9.89,62,NCC,Research Scientist,No,OBC
STU-0611,AE,2,3,8.72,63,NCC,Professor,No,ST
STU-0612,IIOT,2,4,5.75,60,Photography Club,AI Engineer,Yes,
STU-0613,AI/ML,1,1,8.44,61,Music Club,Research Scientist,Yes,OBC
STU-0614,EE,4,7,9.16,87,Music Club,Software Engineer,Yes,EWS
STU-0615,CT,3,6,8.95,79,Music Club,Data Scientist,Yes,OBC
STU-0616,IIOT,4,8,8.05,99,NSS,AI Engineer,Yes,OBC
STU-0617,RE,2,3,6.75,76,Drama Club,AI Engineer,No,Merit
STU-0618,EC,4,8,9.46,86,Photography Club,Research Scientist,Yes,SC
STU-0619,RE,2,4,7.88,94,Sports Club,Entrepreneur,Yes,EWS
STU-0620,CS,3,6,8.97,85,Music Club,Pilot,Yes,OBC
STU-0621,AI/ML,2,4,9.0,62,Robotics Club,Software Engineer,Yes,
STU-0622,IT,4,8,6.17,65,Sports Club,Pilot,Yes,EWS
STU-0623,AE,1,2,8.2,96,Sports Club,Software Engineer,Yes,ST
STU-0624,RE,2,4,8.91,75,Robotics Club,Data Scientist,No,OBC
STU-0625,RE,1,2,7.77,60,NCC,Professor,No,OBC
STU-0626,IT,3,5,9.58,82,Coding Club,Entrepreneur,Yes,ST
STU-0627,EC,3,6,6.27,68,NSS,Data Scientist,No,OBC
STU-0628,AI/ML,3,6,9.25,69,Robotics Club,Pilot,No,OBC
STU-0629,AI/ML,2,4,7.71,89,NCC,Software Engineer,No,
STU-0630,IIOT,2,3,9.22,63,Drama Club,Entrepreneur,Yes,OBC
STU-0631,RE,2,3,9.1,63,Sports Club,Pilot,No,ST
STU-0632,IT,4,8,8.48,64,Photography Club,Research Scientist,No,OBC
STU-0633,ETC,1,1,6.47,60,Coding Club,Data Scientist,No,ST
STU-0634,AE,1,2,7.98,71,Music Club,Entrepreneur,Yes,OBC
STU-0635,IT,4,8,7.38,65,Music Club,Robotics Engineer,No,SC
STU-0636,AI/ML,4,8,8.98,79,Coding Club,AI Engineer,No,ST
STU-0637,DS,3,6,9.67,72,Coding Club,Professor,No,EWS
STU-0638,EE,1,2,8.55,80,NSS,Research Scientist,No,OBC
STU-0639,RE,4,8,7.84,64,NCC,Pilot,No,OBC
STU-0640,AI/ML,2,3,9.62,93,NSS,Pilot,Yes,SC
STU-0641,DS,4,8,8.25,92,Sports Club,AI Engineer,Yes,ST
STU-0642,AE,2,4,9.7,61,Photography Club,Software Engineer,Yes,ST
STU-0643,CE,3,5,7.84,70,Music Club,AI Engineer,No,OBC
STU-0644,RE,2,4,7.38,68,Photography Club,Research Scientist,No,
STU-0645,CE,1,2,8.33,89,Sports Club,Software Engineer,No,EWS
STU-0646,CT,3,5,8.5,85,Photography Club,Data Scientist,No,
STU-0647,CE,2,4,6.58,82,Photography Club,Entrepreneur,No,OBC
STU-0648,EC,3,6,5.85,66,Coding Club,Software Engineer,No,OBC
STU-0649,ETC,1,1,8.63,88,NCC,Software Engineer,No,SC
STU-0650,CS,1,2,9.43,72,Sports Club,AI Engineer,Yes,EWS
STU-0651,IT,3,6,9.86,72,Sports Club,Robotics Engineer,No,
STU-0652,DS,2,4,8.78,73,Music Club,Software Engineer,No,ST
STU-0653,CS,3,5,8.21,66,NCC,AI Engineer,Yes,
STU-0654,AE,1,1,7.39,86,NSS,Research Scientist,Yes,OBC
STU-0655,AE,4,8,7.32,98,Music Club,Software Engineer,No,ST
STU-0656,CS,1,2,7.48,90,Music Club,Data Scientist,No,Merit
STU-0657,EC,3,6,9.46,93,NCC,AI Engineer,Yes,
STU-0658,CT,4,7,6.79,69,Music Club,Robotics Engineer,No,ST
STU-0659,CE,4,8,8.68,70,NSS,Professor,Yes,SC
STU-0660,IIOT,4,7,8.2,87,Photography Club,Professor,Yes,
STU-0661,RE,3,6,9.05,71,NCC,Pilot,Yes,EWS
STU-0662,DS,2,3,9.82,76,Drama Club,Robotics Engineer,Yes,EWS
STU-0663,EC,4,7,7.18,64,NSS,Robotics Engineer,Yes,Merit
STU-0664,ME,3,6,6.88,71,Photography Club,Entrepreneur,No,OBC
STU-0665,AI/ML,2,3,7.33,71,NSS,Data Scientist,No,
STU-0666,CE,2,4,6.12,100,Music Club,Professor,Yes,OBC
STU-0667,AE,3,6,8.68,67,Sports Club,Software Engineer,Yes,SC
STU-0668,ETC,4,8,8.32,96,Photography Club,Pilot,Yes,OBC
STU-0669,ETC,2,4,9.48,92,NCC,Data Scientist,Yes,SC
STU-0670,ETC,1,1,8.9,68,Sports Club,AI Engineer,Yes,EWS
STU-0671,IT,3,6,8.88,80,Photography Club,Entrepreneur,No,OBC
STU-0672,EE,3,5,5.85,94,Coding Club,AI Engineer,No,EWS
STU-0673,EE,4,7,9.77,65,Photography Club,Entrepreneur,No,Merit
STU-0674,RE,2,3,9.71,65,NSS,AI Engineer,Yes,
STU-0675,CS,1,1,6.53,69,Coding Club,Software Engineer,Yes,Merit
STU-0676,ME,3,5,9.34,68,Sports Club,Data Scientist,No,OBC
STU-0677,CS,2,4,6.83,61,Photography Club,Software Engineer,Yes,Merit
STU-0678,CT,2,3,7.74,87,Photography Club,Data Scientist,Yes,EWS
STU-0679,CS,3,6,7.78,93,Coding Club,Professor,Yes,ST
STU-0680,IT,1,1,9.55,84,Sports Club,AI Engineer,Yes,ST
STU-0681,CT,4,7,7.11,75,Robotics Club,Professor,Yes,Merit
STU-0682,CS,3,5,5.63,62,Music Club,Software Engineer,No,ST
STU-0683,EE,1,1,5.67,77,NSS,Entrepreneur,Yes,
STU-0684,EC,3,5,5.76,83,Coding Club,Data Scientist,No,SC
STU-0685,CT,3,5,9.31,89,NCC,Pilot,Yes,EWS
STU-0686,CE,3,5,7.47,92,Coding Club,Software Engineer,No,EWS
STU-0687,DS,3,5,9.08,96,Music Club,AI Engineer,No,EWS
STU-0688,RE,2,4,6.81,97,Drama Club,Pilot,No,EWS
STU-0689,IIOT,1,1,9.47,87,Coding Club,Professor,Yes,Merit
STU-0690,ETC,4,7,7.72,87,Music Club,Data Scientist,No,ST
STU-0691,RE,2,4,7.64,80,NCC,AI Engineer,No,Merit
STU-0692,CE,3,6,9.31,61,Coding Club,Professor,Yes,OBC
STU-0693,ETC,4,8,6.06,75,Sports Club,AI Engineer,No,EWS
STU-0694,DS,3,5,7.24,78,NCC,AI Engineer,Yes,EWS
STU-0695,ETC,1,2,8.7,97,Robotics Club,Entrepreneur,No,OBC
STU-0696,AI/ML,4,8,7.17,68,Photography Club,Software Engineer,Yes,SC
STU-0697,AI/ML,3,5,8.38,61,Drama Club,AI Engineer,Yes,OBC
STU-0698,AE,3,6,8.39,60,Robotics Club,Software Engineer,No,Merit
STU-0699,EC,3,6,8.06,84,Drama Club,Robotics Engineer,No,SC
STU-0700,RE,1,1,9.79,69,NCC,Entrepreneur,Yes,ST
STU-0701,ME,2,3,5.89,60,NSS,AI Engineer,Yes,SC
STU-0702,EC,1,1,7.86,60,Sports Club,Research Scientist,Yes,OBC
STU-0703,ETC,1,2,9.33,96,NSS,Software Engineer,Yes,ST
STU-0704,AE,4,7,7.34,89,NCC,Pilot,Yes,EWS
STU-0705,EE,2,4,9.83,72,NCC,Robotics Engineer,No,Merit
STU-0706,AE,2,3,7.36,91,Sports Club,Pilot,No,ST
STU-0707,RE,2,3,8.12,74,Coding Club,Pilot,No,OBC
STU-0708,DS,3,6,8.48,84,Robotics Club,AI Engineer,No,EWS
STU-0709,ME,2,4,5.97,68,NCC,AI Engineer,Yes,OBC
STU-0710,AE,3,6,9.15,63,Drama Club,AI Engineer,No,OBC
STU-0711,DS,2,4,8.05,90,Drama Club,Research Scientist,Yes,ST
STU-0712,DS,1,1,8.99,64,Coding Club,Professor,No,OBC
STU-0713,AI/ML,3,6,7.38,65,Photography Club,AI Engineer,Yes,
STU-0714,ETC,1,2,6.46,96,Photography Club,Pilot,No,SC
STU-0715,IIOT,2,3,9.14,96,Drama Club,Data Scientist,No,ST
STU-0716,EC,4,8,5.62,85,Drama Club,AI Engineer,Yes,OBC
STU-0717,RE,2,3,6.64,97,NCC,Professor,No,Merit
STU-0718,DS,3,6,5.87,100,Robotics Club,Software Engineer,No,EWS
STU-0719,ETC,3,5,6.78,78,Robotics Club,AI Engineer,Yes,EWS
STU-0720,EE,1,2,8.99,97,Robotics Club,Research Scientist,No,OBC
STU-0721,ME,1,1,8.27,89,Photography Club,Robotics Engineer,No,EWS
STU-0722,CT,4,7,6.45,88,Photography Club,Pilot,No,Merit
STU-0723,ETC,1,1,9.05,77,Sports Club,Entrepreneur,No,ST
STU-0724,AE,2,3,6.89,94,Music Club,Software Engineer,No,
STU-0725,IIOT,2,4,6.05,93,Music Club,Pilot,No,ST
STU-0726,IIOT,4,8,9.65,60,Coding Club,Research Scientist,Yes,Merit
STU-0727,ME,4,8,8.88,73,Music Club,AI Engineer,No,
STU-0728,ETC,4,8,8.52,85,Drama Club,Entrepreneur,No,
STU-0729,CS,4,7,7.43,94,Photography Club,Entrepreneur,No,
STU-0730,AE,2,4,6.69,89,Drama Club,Robotics Engineer,Yes,Merit
STU-0731,IT,3,5,8.58,92,Coding Club,Research Scientist,Yes,Merit
STU-0732,RE,4,7,8.53,94,Drama Club,Robotics Engineer,No,ST
STU-0733,EE,1,2,9.1,88,Sports Club,Software Engineer,No,OBC
STU-0734,CE,2,3,7.27,100,Robotics Club,AI Engineer,Yes,ST
STU-0735,EE,2,4,8.58,60,Music Club,Research Scientist,Yes,ST
STU-0736,AE,2,3,6.4,90,Drama Club,Professor,No,ST
STU-0737,AI/ML,2,3,6.39,85,Coding Club,Pilot,Yes,ST
STU-0738,CE,4,8,8.82,75,Sports Club,Software Engineer,Yes,SC
STU-0739,CS,3,6,6.83,86,Sports Club,Software Engineer,Yes,OBC
STU-0740,CS,3,5,9.24,89,Music Club,AI Engineer,No,SC
STU-0741,RE,3,5,7.74,60,Photography Club,Data Scientist,Yes,SC
STU-0742,IIOT,3,5,8.4,62,NCC,Research Scientist,No,EWS
STU-0743,ETC,2,3,6.85,66,Photography Club,AI Engineer,No,
STU-0744,AI/ML,4,8,6.82,93,Robotics Club,Entrepreneur,Yes,ST
STU-0745,DS,2,3,9.19,90,Drama Club,Pilot,Yes,ST
STU-0746,CT,2,3,7.24,80,NSS,Research Scientist,Yes,Merit
STU-0747,AI/ML,3,6,9.63,69,Drama Club,AI Engineer,Yes,EWS
STU-0748,EE,4,8,6.95,71,Coding Club,Research Scientist,Yes,SC
STU-0749,RE,2,4,7.5,99,Sports Club,Pilot,Yes,EWS
STU-0750,ETC,4,8,8.02,87,NSS,Robotics Engineer,No,
STU-0751,AI/ML,1,2,6.31,95,Robotics Club,Robotics Engineer,No,OBC
STU-0752,CT,1,1,7.06,69,Coding Club,Software Engineer,Yes,OBC
STU-0753,CE,4,8,5.68,86,Drama Club,Software Engineer,No,Merit
STU-0754,AE,3,5,5.84,85,Drama Club,Robotics Engineer,Yes,Merit
STU-0755,RE,1,2,7.4,66,Sports Club,Pilot,Yes,Merit
STU-0756,CE,3,5,6.14,92,Photography Club,Entrepreneur,No,ST
STU-0757,CT,2,3,5.87,60,NCC,Data Scientist,No,EWS
STU-0758,CT,2,4,7.89,79,Music Club,Pilot,Yes,EWS
STU-0759,EE,3,6,6.78,90,NCC,Research Scientist,No,EWS
STU-0760,CS,3,6,7.78,100,Drama Club,Research Scientist,No,OBC
STU-0761,IT,1,2,6.19,94,Photography Club,Robotics Engineer,No,Merit
STU-0762,EE,1,1,7.2,91,NCC,Research Scientist,No,
STU-0763,RE,1,2,9.01,92,Photography Club,Professor,Yes,ST
STU-0764,CS,2,4,9.54,93,Sports Club,Professor,Yes,OBC
STU-0765,AE,3,6,6.33,73,NSS,Pilot,No,
STU-0766,IIOT,2,4,8.91,84,Music Club,Research Scientist,No,EWS
STU-0767,IT,4,8,8.5,65,Drama Club,Software Engineer,Yes,EWS
STU-0768,EC,1,2,7.97,70,Drama Club,Data Scientist,Yes,EWS
STU-0769,IT,3,5,7.19,96,Sports Club,Robotics Engineer,Yes,
STU-0770,CE,2,4,9.68,77,Music Club,Software Engineer,Yes,EWS
STU-0771,CE,2,3,6.51,83,Music Club,AI Engineer,No,SC
STU-0772,IIOT,4,7,7.58,61,Drama Club,AI Engineer,No,
STU-0773,CT,4,8,8.28,99,Robotics Club,Software Engineer,No,Merit
STU-0774,ME,4,8,7.75,75,Coding Club,Entrepreneur,No,ST
STU-0775,RE,2,3,7.66,88,Sports Club,Professor,No,ST
STU-0776,DS,2,3,6.71,94,NCC,Professor,Yes,
STU-0777,CE,3,6,5.76,71,Photography Club,Robotics Engineer,No,ST
STU-0778,CE,4,8,8.82,70,Sports Club,Software Engineer,No,
STU-0779,ME,2,4,6.77,95,Coding Club,Entrepreneur,No,SC
STU-0780,AI/ML,1,2,6.13,75,NSS,Professor,Yes,
STU-0781,EC,1,1,5.67,87,Photography Club,Robotics Engineer,No,SC
STU-0782,AI/ML,4,8,5.96,86,Sports Club,Software Engineer,Yes,Merit
STU-0783,AE,1,2,9.73,76,NCC,Robotics Engineer,No,
STU-0784,IIOT,1,2,9.34,82,NCC,Pilot,No,OBC
STU-0785,DS,4,8,5.89,62,Robotics Club,Professor,Yes,OBC
STU-0786,AE,2,3,5.98,97,NCC,AI Engineer,Yes,SC
STU-0787,EE,4,8,9.71,78,Sports Club,Entrepreneur,No,
STU-0788,RE,1,1,6.8,85,Robotics Club,Software Engineer,Yes,SC
STU-0789,AI/ML,4,7,7.93,60,Drama Club,Pilot,No,SC
STU-0790,CS,2,3,7.57,63,NSS,Pilot,No,EWS
STU-0791,AE,1,2,7.83,90,Coding Club,Entrepreneur,No,ST
STU-0792,CS,3,6,6.19,63,Sports Club,Robotics Engineer,No,SC
STU-0793,AE,3,6,8.69,83,Robotics Club,Entrepreneur,Yes,EWS
STU-0794,DS,1,1,6.41,78,Music Club,Robotics Engineer,Yes,
STU-0795,EC,4,8,9.81,62,Sports Club,Software Engineer,No,EWS
STU-0796,CS,3,6,7.48,79,Music Club,Data Scientist,No,EWS
STU-0797,EE,3,5,6.77,73,NCC,Entrepreneur,Yes,ST
STU-0798,CT,4,7,5.85,95,Music Club,Research Scientist,Yes,Merit
STU-0799,RE,2,4,5.73,71,Coding Club,Robotics Engineer,No,OBC
STU-0800,DS,2,4,9.52,70,NCC,Professor,No,ST
STU-0801,DS,4,7,6.69,91,NSS,Research Scientist,Yes,Merit
STU-0802,CT,2,4,7.27,97,Drama Club,Entrepreneur,No,Merit
STU-0803,CS,4,7,8.16,87,Sports Club,Research Scientist,Yes,
STU-0804,IT,3,5,8.49,76,NCC,Pilot,Yes,EWS
STU-0805,CE,1,2,5.95,67,NSS,Research Scientist,No,Merit
STU-0806,EE,3,5,6.86,60,Coding Club,AI Engineer,Yes,EWS
STU-0807,CT,1,1,5.58,85,Photography Club,AI Engineer,No,Merit
STU-0808,ETC,4,8,6.08,67,NCC,Software Engineer,Yes,ST
STU-0809,ME,4,8,5.71,98,Sports Club,Data Scientist,Yes,ST
STU-0810,RE,2,4,8.16,60,Coding Club,Data Scientist,Yes,EWS
STU-0811,EE,3,5,9.27,82,Music Club,Professor,No,OBC
STU-0812,AE,4,7,7.54,70,Drama Club,AI Engineer,Yes,Merit
STU-0813,AI/ML,2,4,9.73,80,Coding Club,Entrepreneur,Yes,ST
STU-0814,DS,3,5,8.97,65,Robotics Club,Data Scientist,Yes,SC
STU-0815,ME,2,4,8.33,95,Music Club,Entrepreneur,No,
STU-0816,CE,3,6,6.72,63,Drama Club,Robotics Engineer,No,
STU-0817,ME,1,2,7.97,61,Robotics Club,Software Engineer,No,Merit
STU-0818,ETC,4,7,8.63,93,Music Club,Pilot,No,Merit
STU-0819,AI/ML,2,4,6.6,61,Drama Club,Data Scientist,No,
STU-0820,AE,4,8,7.61,87,Coding Club,Research Scientist,No,EWS
STU-0821,AI/ML,1,2,8.3,92,Photography Club,Robotics Engineer,Yes,Merit
STU-0822,EC,4,8,5.82,85,NCC,Robotics Engineer,No,EWS
STU-0823,AI/ML,2,4,7.4,92,Coding Club,Professor,Yes,
STU-0824,CS,1,1,9.67,80,Photography Club,Data Scientist,No,Merit
STU-0825,AE,3,5,7.64,98,NCC,AI Engineer,Yes,Merit
STU-0826,IT,1,2,6.51,94,NSS,Software Engineer,Yes,EWS
STU-0827,AE,4,7,7.26,60,NSS,Professor,No,
STU-0828,DS,4,8,6.3,95,Music Club,Robotics Engineer,No,ST
STU-0829,ETC,2,4,6.49,66,Sports Club,Robotics Engineer,Yes,ST
STU-0830,AI/ML,4,8,5.56,99,Music Club,AI Engineer,No,ST
STU-0831,AE,4,8,9.48,66,Robotics Club,Data Scientist,No,Merit
STU-0832,CE,3,5,7.86,68,Robotics Club,Pilot,No,SC
STU-0833,DS,4,8,9.81,62,Music Club,Professor,No,SC
STU-0834,CT,1,1,5.52,81,Coding Club,Pilot,No,SC
STU-0835,DS,1,1,6.36,72,Music Club,AI Engineer,Yes,ST
STU-0836,CT,4,7,8.39,79,Robotics Club,Data Scientist,No,Merit
STU-0837,IT,1,2,5.96,81,Robotics Club,Software Engineer,Yes,
STU-0838,RE,4,8,6.43,83,NSS,Data Scientist,Yes,OBC
STU-0839,ME,3,5,5.51,84,Coding Club,Entrepreneur,No,Merit
STU-0840,CS,1,1,7.47,85,Drama Club,Pilot,No,OBC
STU-0841,AE,2,3,9.42,77,NSS,Software Engineer,Yes,EWS
STU-0842,AI/ML,2,3,9.57,94,Robotics Club,Entrepreneur,Yes,EWS
STU-0843,ETC,3,6,7.4,87,Drama Club,Software Engineer,Yes,Merit
STU-0844,CS,2,4,8.39,82,NCC,Data Scientist,Yes,SC
STU-0845,AE,2,4,7.97,72,Coding Club,AI Engineer,No,OBC
STU-0846,CE,1,2,5.57,92,Drama Club,Professor,Yes,EWS
STU-0847,RE,2,4,6.25,98,Drama Club,Software Engineer,No,
STU-0848,IIOT,3,5,8.81,92,Drama Club,Software Engineer,Yes,SC
STU-0849,RE,3,5,7.55,88,Sports Club,Research Scientist,No,SC
STU-0850,EC,3,6,9.25,64,Photography Club,Data Scientist,No,
STU-0851,ETC,4,8,6.0,86,Drama Club,Entrepreneur,No,
STU-0852,CE,1,2,6.87,88,NCC,AI Engineer,No,ST
STU-0853,EE,4,8,9.76,64,Coding Club,Research Scientist,Yes,
STU-0854,AI/ML,4,7,5.87,66,NCC,Software Engineer,Yes,ST
STU-0855,RE,4,8,5.72,78,Robotics Club,Entrepreneur,No,
STU-0856,RE,4,8,5.66,71,Music Club,AI Engineer,Yes,SC
STU-0857,EC,2,4,6.25,72,Drama Club,Research Scientist,No,OBC
STU-0858,EE,1,1,9.08,74,Music Club,Professor,Yes,SC
STU-0859,EE,1,2,6.6,84,Robotics Club,Software Engineer,No,
STU-0860,EC,3,5,9.56,63,Coding Club,Research Scientist,No,OBC
STU-0861,RE,2,3,6.39,61,NSS,Entrepreneur,Yes,
STU-0862,IIOT,2,3,6.72,84,Photography Club,Professor,Yes,
STU-0863,ME,1,1,8.43,83,NCC,Professor,Yes,EWS
STU-0864,IIOT,4,7,7.1,65,NSS,Data Scientist,No,EWS
STU-0865,AE,1,1,8.84,88,Photography Club,AI Engineer,No,EWS
STU-0866,CT,1,1,7.15,66,Sports Club,AI Engineer,No,Merit
STU-0867,IT,1,1,8.63,76,Coding Club,Professor,No,OBC
STU-0868,ETC,4,7,5.86,72,NCC,Software Engineer,Yes,
STU-0869,CS,3,5,9.48,75,Sports Club,Professor,No,SC
STU-0870,RE,2,4,8.45,92,Photography Club,Robotics Engineer,No,OBC
STU-0871,CE,2,3,8.55,89,Coding Club,Entrepreneur,Yes,
STU-0872,ETC,3,6,7.66,70,Sports Club,AI Engineer,No,ST
STU-0873,RE,3,5,5.84,87,Drama Club,Software Engineer,Yes,EWS
STU-0874,ETC,1,1,8.73,75,NSS,Entrepreneur,No,EWS
STU-0875,IT,3,5,8.87,65,Robotics Club,AI Engineer,Yes,EWS
STU-0876,AE,3,6,9.5,94,Robotics Club,AI Engineer,No,EWS
STU-0877,ETC,4,8,9.41,75,Coding Club,Research Scientist,No,ST
STU-0878,CT,1,1,8.53,80,Robotics Club,AI Engineer,No,EWS
STU-0879,IIOT,1,2,6.19,72,Coding Club,Professor,No,
STU-0880,AI/ML,4,8,6.11,96,NSS,Data Scientist,No,
STU-0881,IIOT,4,8,9.25,82,NCC,Pilot,Yes,SC
STU-0882,EC,3,5,7.27,91,Coding Club,Pilot,No,ST
STU-0883,ETC,1,1,8.65,93,Robotics Club,Data Scientist,Yes,EWS
STU-0884,ETC,1,2,9.88,95,Robotics Club,Pilot,No,Merit
STU-0885,CT,3,6,9.39,72,Photography Club,Data Scientist,No,ST
STU-0886,AI/ML,1,2,9.87,81,Music Club,Entrepreneur,Yes,EWS
STU-0887,ME,3,6,7.17,72,Drama Club,Professor,Yes,EWS
STU-0888,DS,4,8,9.65,97,NSS,AI Engineer,No,Merit
STU-0889,CS,3,6,9.5,71,NSS,Entrepreneur,No,ST
STU-0890,AI/ML,1,1,5.94,66,NCC,Entrepreneur,Yes,SC
STU-0891,CT,2,4,8.58,100,NSS,Entrepreneur,No,Merit
STU-0892,ME,2,4,6.44,88,Music Club,Entrepreneur,Yes,EWS
STU-0893,EE,1,1,6.41,94,Photography Club,Robotics Engineer,No,
STU-0894,CE,3,6,6.99,100,NSS,Professor,Yes,Merit
STU-0895,ETC,3,5,9.55,82,Coding Club,Professor,Yes,ST
STU-0896,EC,3,6,5.78,89,Music Club,Data Scientist,Yes,EWS
STU-0897,CT,1,1,5.54,100,Sports Club,Software Engineer,Yes,Merit
STU-0898,ETC,1,1,6.55,60,Photography Club,Research Scientist,Yes,SC
STU-0899,IIOT,4,7,5.73,62,Coding Club,Entrepreneur,No,SC
STU-0900,AI/ML,3,6,9.26,69,NSS,Software Engineer,Yes,SC
STU-0901,ME,3,6,7.63,66,Photography Club,Research Scientist,Yes,Merit
STU-0902,CS,4,8,7.4,66,Music Club,Data Scientist,No,
STU-0903,CS,2,3,6.58,93,NCC,Professor,Yes,
STU-0904,EC,1,2,6.24,69,Sports Club,Research Scientist,Yes,OBC
STU-0905,CS,2,3,7.86,82,Drama Club,Robotics Engineer,No,OBC
STU-0906,CS,4,8,7.16,92,Music Club,Research Scientist,No,Merit
STU-0907,CT,4,8,7.25,92,Drama Club,Pilot,Yes,ST
STU-0908,DS,2,4,5.99,67,Music Club,Robotics Engineer,Yes,Merit
STU-0909,AI/ML,4,8,8.7,72,Drama Club,Robotics Engineer,Yes,ST
STU-0910,IT,2,3,7.57,61,Sports Club,AI Engineer,Yes,SC
STU-0911,ETC,3,6,9.44,67,Sports Club,Professor,No,ST
STU-0912,CE,3,5,9.45,81,Drama Club,Software Engineer,Yes,OBC
STU-0913,CS,3,5,6.23,99,Robotics Club,Professor,Yes,EWS
STU-0914,IT,4,8,9.09,64,Sports Club,Robotics Engineer,No,
STU-0915,CE,2,4,8.21,95,Sports Club,Research Scientist,No,EWS
STU-0916,ME,1,1,6.66,80,Photography Club,Data Scientist,No,ST
STU-0917,RE,3,6,7.18,61,Robotics Club,Robotics Engineer,Yes,
STU-0918,ME,1,2,7.21,100,Music Club,Robotics Engineer,No,
STU-0919,IIOT,1,1,7.4,70,Coding Club,AI Engineer,Yes,OBC
STU-0920,EE,4,7,6.8,96,Music Club,Entrepreneur,Yes,OBC
STU-0921,DS,3,5,6.92,79,Sports Club,Robotics Engineer,Yes,Merit
STU-0922,ETC,2,4,5.79,95,Music Club,Pilot,No,EWS
STU-0923,IIOT,2,4,9.55,69,Drama Club,Research Scientist,No,Merit
STU-0924,CS,2,3,5.55,69,Sports Club,AI Engineer,Yes,Merit
STU-0925,CT,3,5,7.1,99,NCC,Research Scientist,No,
STU-0926,CS,1,2,6.75,64,Photography Club,Entrepreneur,Yes,Merit
STU-0927,CT,2,4,5.84,77,Coding Club,Software Engineer,Yes,SC
STU-0928,EE,4,7,5.82,62,Sports Club,Professor,Yes,Merit
STU-0929,ME,3,6,7.26,67,NSS,Data Scientist,No,SC
STU-0930,CE,3,6,5.93,74,NSS,Data Scientist,Yes,OBC
STU-0931,RE,4,7,6.54,95,Robotics Club,Pilot,Yes,EWS
STU-0932,IIOT,2,4,7.51,90,NSS,Research Scientist,Yes,OBC
STU-0933,ME,3,6,9.04,73,Photography Club,AI Engineer,Yes,
STU-0934,EE,4,8,8.33,69,Drama Club,Data Scientist,No,Merit
STU-0935,EC,4,7,6.06,80,NCC,Robotics Engineer,Yes,EWS
STU-0936,CT,1,2,5.68,89,NSS,Entrepreneur,Yes,
STU-0937,IT,1,2,6.26,84,NCC,Software Engineer,Yes,
STU-0938,AI/ML,3,6,7.64,81,Photography Club,Pilot,Yes,SC
STU-0939,EC,2,3,5.7,93,NSS,Software Engineer,No,ST
STU-0940,CS,3,6,9.56,60,Robotics Club,Software Engineer,No,EWS
STU-0941,RE,2,4,9.34,85,Coding Club,Research Scientist,Yes,SC
STU-0942,IT,4,7,9.62,100,Music Club,Robotics Engineer,No,Merit
STU-0943,CE,2,3,5.53,86,Music Club,Robotics Engineer,No,Merit
STU-0944,EC,3,5,7.73,89,Coding Club,Entrepreneur,No,SC
STU-0945,AI/ML,1,2,6.0,74,Photography Club,AI Engineer,No,ST
STU-0946,CS,3,6,8.56,62,NCC,AI Engineer,No,ST
STU-0947,EE,4,8,8.79,69,Sports Club,Pilot,No,
STU-0948,CE,1,2,8.64,92,NCC,Data Scientist,Yes,
STU-0949,EC,1,1,8.01,97,Sports Club,Research Scientist,Yes,OBC
STU-0950,ETC,2,4,9.17,74,Coding Club,AI Engineer,No,EWS
STU-0951,CS,2,4,9.29,76,Drama Club,Pilot,No,ST
STU-0952,IIOT,2,4,9.44,88,Photography Club,AI Engineer,No,Merit
STU-0953,EC,2,4,6.69,100,Photography Club,Robotics Engineer,No,EWS
STU-0954,CE,3,5,9.75,93,Music Club,Data Scientist,Yes,EWS
STU-0955,CT,2,3,8.75,96,Robotics Club,Data Scientist,No,ST
STU-0956,IIOT,4,8,7.48,79,Photography Club,Data Scientist,Yes,OBC
STU-0957,CT,3,6,9.35,65,NSS,Data Scientist,Yes,
STU-0958,EE,2,4,8.36,60,Drama Club,Professor,Yes,
STU-0959,RE,1,2,7.68,97,Photography Club,AI Engineer,Yes,EWS
STU-0960,IIOT,1,1,6.56,76,Photography Club,Research Scientist,No,SC
STU-0961,IT,4,7,6.05,60,Photography Club,Professor,Yes,
STU-0962,AE,2,4,7.75,80,Photography Club,Pilot,Yes,Merit
STU-0963,DS,1,2,8.7,95,NCC,Robotics Engineer,No,Merit
STU-0964,EE,3,5,7.17,82,NSS,Robotics Engineer,Yes,Merit
STU-0965,ETC,3,6,5.72,98,Robotics Club,Professor,No,OBC
STU-0966,EE,4,7,8.72,74,Coding Club,Data Scientist,No,SC
STU-0967,AI/ML,2,3,7.75,85,Coding Club,Data Scientist,No,SC
STU-0968,AE,3,6,9.3,92,Coding Club,Research Scientist,No,SC
STU-0969,ME,1,2,8.62,97,Robotics Club,Software Engineer,No,SC
STU-0970,EE,2,4,6.83,94,Coding Club,Research Scientist,Yes,ST
STU-0971,ME,3,6,7.43,68,Photography Club,AI Engineer,Yes,ST
STU-0972,RE,3,6,6.04,89,Music Club,Entrepreneur,No,EWS
STU-0973,IT,4,7,6.16,86,Sports Club,Professor,No,ST
STU-0974,DS,1,1,9.67,84,Sports Club,AI Engineer,No,OBC
STU-0975,IIOT,4,7,5.81,75,Robotics Club,Data Scientist,No,EWS
STU-0976,CE,3,6,8.57,67,NCC,Entrepreneur,No,OBC
STU-0977,EE,1,2,5.8,91,Coding Club,Data Scientist,Yes,Merit
STU-0978,EE,1,1,5.99,82,Music Club,Research Scientist,Yes,OBC
STU-0979,CT,1,2,7.65,81,Sports Club,Software Engineer,No,OBC
STU-0980,CT,1,1,6.93,61,NCC,AI Engineer,Yes,Merit
STU-0981,CE,2,3,6.97,63,Coding Club,Robotics Engineer,Yes,Merit
STU-0982,CT,2,4,7.35,88,Coding Club,Research Scientist,No,EWS
STU-0983,ETC,1,2,9.17,66,Photography Club,Entrepreneur,No,SC
STU-0984,ETC,4,8,8.52,70,Coding Club,Data Scientist,No,OBC
STU-0985,IIOT,3,5,6.42,66,Robotics Club,Professor,Yes,OBC
STU-0986,CE,2,4,6.49,68,Robotics Club,Robotics Engineer,No,SC
STU-0987,EE,2,4,6.46,73,Music Club,Pilot,Yes,ST
STU-0988,AE,2,4,9.04,63,Coding Club,Research Scientist,No,
STU-0989,DS,1,2,8.22,62,Robotics Club,Pilot,No,EWS
STU-0990,CT,3,5,8.05,64,Coding Club,Research Scientist,No,SC
STU-0991,AE,2,4,8.97,75,NCC,AI Engineer,No,OBC
STU-0992,DS,2,3,7.7,100,Coding Club,Data Scientist,No,
STU-0993,IIOT,1,1,7.39,84,NCC,AI Engineer,No,SC
STU-0994,IIOT,3,5,8.31,100,Coding Club,Research Scientist,Yes,
STU-0995,ETC,2,3,9.34,76,Sports Club,Software Engineer,Yes,EWS
STU-0996,RE,3,6,7.07,81,Music Club,Research Scientist,No,SC
STU-0997,AI/ML,2,3,7.34,92,Sports Club,Data Scientist,Yes,ST
STU-0998,ETC,3,6,6.62,63,Drama Club,AI Engineer,Yes,ST
STU-0999,DS,1,1,7.55,77,Photography Club,Robotics Engineer,Yes,EWS
STU-1000,ETC,2,3,8.7,85,Coding Club,Professor,Yes,
STU-1001,DS,2,3,5.97,63,NSS,Pilot,Yes,
STU-1002,ETC,4,8,5.63,96,Music Club,AI Engineer,Yes,
STU-1003,CE,2,3,6.58,90,Drama Club,Professor,No,Merit
STU-1004,IIOT,4,7,8.81,70,Music Club,Data Scientist,No,
STU-1005,RE,3,5,8.84,66,Photography Club,Robotics Engineer,No,EWS
STU-1006,CS,4,8,6.97,74,Drama Club,Professor,Yes,Merit
STU-1007,EC,2,4,6.1,90,NSS,Pilot,Yes,ST
STU-1008,CE,4,7,6.02,62,Robotics Club,Pilot,Yes,OBC
STU-1009,ETC,1,1,6.73,84,Sports Club,AI Engineer,Yes,EWS
STU-1010,RE,2,4,9.59,64,NSS,Data Scientist,No,Merit
STU-1011,IT,1,2,8.47,69,Sports Club,AI Engineer,No,OBC
STU-1012,AI/ML,4,7,6.23,68,NCC,Entrepreneur,No,OBC
STU-1013,ME,2,3,6.78,80,Coding Club,Professor,Yes,
STU-1014,EE,2,4,7.26,64,Music Club,Robotics Engineer,No,
STU-1015,CS,2,4,7.45,92,NSS,Entrepreneur,Yes,
STU-1016,EE,2,4,6.84,65,NCC,Software Engineer,Yes,EWS
STU-1017,ETC,3,6,5.68,82,Music Club,Software Engineer,No,EWS
STU-1018,EC,4,7,6.94,90,Photography Club,Entrepreneur,No,Merit
STU-1019,ETC,4,8,8.57,98,Sports Club,Entrepreneur,No,SC
STU-1020,IT,4,8,9.75,83,Photography Club,Robotics Engineer,Yes,Merit
STU-1021,CS,1,1,6.71,98,Photography Club,Professor,Yes,ST
STU-1022,EC,2,4,5.86,63,NSS,Data Scientist,No,ST
STU-1023,RE,2,4,8.86,89,Robotics Club,Data Scientist,No,SC
STU-1024,CS,2,4,6.15,80,Music Club,Professor,No,SC
STU-1025,RE,2,3,8.84,95,Music Club,Software Engineer,Yes,SC
STU-1026,AE,3,5,7.96,78,NSS,Research Scientist,No,ST
STU-1027,CS,3,5,6.06,80,Drama Club,Research Scientist,No,OBC
STU-1028,AI/ML,4,7,7.73,81,Coding Club,Research Scientist,No,ST
STU-1029,IT,3,5,8.61,65,Coding Club,Pilot,Yes,ST
STU-1030,IT,1,1,9.6,81,Drama Club,Data Scientist,Yes,Merit
STU-1031,CE,2,3,7.47,74,Photography Club,Software Engineer,No,Merit
STU-1032,AE,4,8,5.73,87,Coding Club,Data Scientist,Yes,OBC
STU-1033,ETC,1,2,9.63,94,Photography Club,Research Scientist,No,EWS
STU-1034,EE,3,6,8.55,79,Coding Club,Data Scientist,Yes,
STU-1035,EC,1,2,7.52,94,Sports Club,Data Scientist,Yes,ST
STU-1036,AI/ML,2,3,7.88,64,Drama Club,Pilot,Yes,SC
STU-1037,IT,2,4,9.24,70,Drama Club,Research Scientist,Yes,
STU-1038,IT,3,5,9.37,98,Sports Club,AI Engineer,No,
STU-1039,RE,4,7,6.46,83,NCC,Research Scientist,No,SC
STU-1040,IT,1,2,5.99,85,Coding Club,Entrepreneur,Yes,EWS
STU-1041,CT,1,1,6.18,83,Music Club,Software Engineer,Yes,OBC
STU-1042,DS,1,2,5.58,83,Music Club,Pilot,No,OBC
STU-1043,IT,1,1,9.0,65,Robotics Club,Pilot,Yes,SC
STU-1044,RE,2,3,6.49,65,Photography Club,Data Scientist,Yes,OBC
STU-1045,CS,1,1,6.65,69,NSS,Data Scientist,Yes,
STU-1046,AI/ML,1,2,6.24,81,NSS,Robotics Engineer,Yes,EWS
STU-1047,CT,1,2,6.0,93,Coding Club,Entrepreneur,Yes,Merit
STU-1048,IIOT,1,1,6.24,64,Sports Club,Pilot,No,OBC
STU-1049,CE,4,8,7.44,77,NCC,Robotics Engineer,Yes,SC
STU-1050,RE,1,2,9.82,88,Sports Club,AI Engineer,Yes,
STU-1051,IIOT,4,7,6.82,100,Sports Club,Software Engineer,Yes,Merit
STU-1052,CT,1,2,8.31,67,NSS,Research Scientist,No,ST
STU-1053,EE,4,8,8.91,83,Drama Club,Robotics Engineer,No,OBC
STU-1054,RE,2,3,6.0,67,Drama Club,Research Scientist,Yes,EWS
STU-1055,DS,1,1,8.57,74,NSS,Pilot,No,Merit
STU-1056,IIOT,1,1,8.31,96,Photography Club,Research Scientist,Yes,EWS
STU-1057,RE,4,7,7.65,61,Robotics Club,Pilot,Yes,ST
STU-1058,CT,3,6,8.37,89,Photography Club,AI Engineer,Yes,ST
STU-1059,EE,1,2,8.2,94,Sports Club,Data Scientist,Yes,EWS
STU-1060,AI/ML,4,7,7.49,87,Coding Club,Research Scientist,No,SC
STU-1061,CT,1,1,6.9,65,Photography Club,Data Scientist,No,
STU-1062,IT,1,1,7.01,75,Drama Club,Research Scientist,Yes,OBC
STU-1063,IT,2,4,7.88,68,Sports Club,Data Scientist,Yes,SC
STU-1064,EC,4,7,8.65,64,Music Club,Software Engineer,Yes,Merit
STU-1065,RE,3,6,6.56,93,Robotics Club,Data Scientist,No,EWS
STU-1066,EC,2,4,6.84,70,NCC,Software Engineer,No,
STU-1067,EC,2,4,9.17,76,Sports Club,Robotics Engineer,No,
STU-1068,AI/ML,3,6,7.55,86,Robotics Club,Research Scientist,Yes,
STU-1069,AE,3,5,6.8,95,Robotics Club,AI Engineer,Yes,SC
STU-1070,EC,2,4,5.99,67,Robotics Club,Software Engineer,No,Merit
STU-1071,ME,2,3,8.7,69,Music Club,Pilot,No,ST
STU-1072,RE,4,7,8.42,74,Drama Club,Software Engineer,No,OBC
STU-1073,ME,4,8,8.89,92,Coding Club,Research Scientist,Yes,OBC
STU-1074,CT,2,3,6.06,83,Robotics Club,Professor,No,SC
STU-1075,IIOT,1,2,9.83,69,Robotics Club,Robotics Engineer,No,EWS
STU-1076,IT,1,1,6.93,94,Music Club,Research Scientist,Yes,SC
STU-1077,ME,2,4,5.93,64,Sports Club,Pilot,No,
STU-1078,IT,1,2,6.98,64,NSS,Pilot,No,EWS
STU-1079,AI/ML,4,7,7.84,69,Drama Club,Pilot,Yes,Merit
STU-1080,CE,4,7,6.71,83,Sports Club,Research Scientist,Yes,ST
STU-1081,EC,1,1,7.4,94,Coding Club,Robotics Engineer,Yes,EWS
STU-1082,IIOT,4,8,8.68,93,Robotics Club,Pilot,No,Merit
STU-1083,DS,1,2,7.91,76,Photography Club,Robotics Engineer,No,SC
STU-1084,DS,2,4,9.23,80,NSS,Pilot,Yes,ST
STU-1085,DS,3,6,6.4,95,Music Club,Software Engineer,Yes,OBC
STU-1086,EE,1,1,6.17,68,Coding Club,Pilot,No,EWS
STU-1087,DS,3,6,6.59,60,Music Club,Pilot,No,SC
STU-1088,ETC,3,6,9.69,86,NCC,Robotics Engineer,No,EWS
STU-1089,CS,1,1,9.06,68,Coding Club,Professor,No,Merit
STU-1090,DS,1,1,9.37,65,Robotics Club,Robotics Engineer,Yes,SC
STU-1091,ME,1,2,5.91,92,NSS,AI Engineer,No,EWS
STU-1092,AE,3,6,9.63,83,NSS,Robotics Engineer,No,
STU-1093,ETC,1,2,8.14,81,Coding Club,Data Scientist,No,Merit
STU-1094,ME,2,4,9.54,95,Robotics Club,Research Scientist,No,
STU-1095,CS,2,4,7.06,75,Sports Club,AI Engineer,Yes,OBC
STU-1096,CT,4,8,7.76,84,Drama Club,Entrepreneur,Yes,EWS
STU-1097,CS,3,5,8.24,87,Photography Club,Data Scientist,Yes,Merit
STU-1098,IIOT,1,1,5.9,66,Drama Club,Professor,Yes,OBC
STU-1099,CS,4,7,8.68,98,Sports Club,Pilot,No,
STU-1100,CS,4,7,9.4,84,Drama Club,Data Scientist,No,Merit
STU-1101,EE,4,7,8.91,69,Coding Club,AI Engineer,No,OBC
STU-1102,ETC,3,6,7.33,100,Music Club,Entrepreneur,No,Merit
STU-1103,CE,4,8,8.19,96,Drama Club,Entrepreneur,No,
STU-1104,CE,2,3,6.65,86,Photography Club,Research Scientist,Yes,SC
STU-1105,EE,3,6,8.22,65,Music Club,AI Engineer,No,ST
STU-1106,DS,3,5,5.86,67,Photography Club,Professor,Yes,Merit
STU-1107,RE,2,4,7.75,91,NCC,Robotics Engineer,No,SC
STU-1108,DS,2,4,7.0,77,Coding Club,AI Engineer,Yes,Merit
STU-1109,ETC,1,1,6.02,77,Music Club,Data Scientist,No,SC
STU-1110,EC,4,8,9.58,81,Photography Club,AI Engineer,No,OBC
STU-1111,AI/ML,3,5,5.95,77,NSS,Robotics Engineer,No,ST
STU-1112,DS,1,2,5.58,87,Photography Club,Robotics Engineer,No,
STU-1113,DS,2,4,9.5,100,Robotics Club,AI Engineer,No,EWS
STU-1114,IIOT,3,6,6.45,81,Robotics Club,Pilot,No,EWS
STU-1115,ME,3,6,9.14,76,Photography Club,Robotics Engineer,No,EWS
STU-1116,CT,3,5,8.99,93,Sports Club,Entrepreneur,No,OBC
STU-1117,AI/ML,4,7,7.41,62,Robotics Club,Professor,Yes,ST
STU-1118,IT,1,1,7.88,90,NCC,Research Scientist,Yes,Merit
STU-1119,RE,2,3,6.0,78,NCC,Software Engineer,Yes,EWS
STU-1120,EC,4,8,5.55,65,Robotics Club,Research Scientist,Yes,
STU-1121,EC,3,5,9.5,82,Photography Club,Software Engineer,Yes,ST
STU-1122,ETC,3,5,8.77,76,Photography Club,Research Scientist,No,Merit
STU-1123,RE,4,7,6.34,74,Robotics Club,AI Engineer,Yes,SC
STU-1124,CS,2,4,8.41,69,NSS,Entrepreneur,No,OBC
STU-1125,EC,4,8,8.58,75,Drama Club,Research Scientist,No,Merit
STU-1126,CS,1,2,9.03,65,Coding Club,Robotics Engineer,Yes,OBC
STU-1127,IIOT,4,8,9.68,65,NCC,Data Scientist,Yes,SC
STU-1128,CS,3,5,6.96,87,Robotics Club,Software Engineer,Yes,
STU-1129,CS,4,8,5.54,73,Sports Club,Entrepreneur,Yes,OBC
STU-1130,ME,3,5,8.67,95,Photography Club,Professor,Yes,OBC
STU-1131,IIOT,3,5,7.71,68,Robotics Club,Research Scientist,No,ST
STU-1132,ETC,3,6,7.18,60,NSS,Software Engineer,No,SC
STU-1133,CS,4,8,8.99,94,NCC,Robotics Engineer,Yes,ST
STU-1134,RE,1,1,6.32,71,Music Club,Entrepreneur,No,Merit
STU-1135,CS,4,7,8.22,64,NSS,Data Scientist,No,SC
STU-1136,DS,4,7,8.56,83,NCC,Research Scientist,No,ST
STU-1137,RE,3,5,6.56,82,Music Club,Research Scientist,No,
STU-1138,CS,4,8,8.6,98,Sports Club,Professor,No,
STU-1139,CT,4,7,9.0,69,NCC,Software Engineer,Yes,Merit
STU-1140,AE,1,1,7.93,81,Coding Club,Pilot,No,
STU-1141,ETC,2,4,6.98,95,NCC,Robotics Engineer,Yes,SC
STU-1142,CS,1,1,6.92,74,Sports Club,Software Engineer,Yes,Merit
STU-1143,AE,1,1,9.69,96,Drama Club,AI Engineer,No,SC
STU-1144,CE,3,5,5.5,63,Drama Club,Entrepreneur,Yes,OBC
STU-1145,EC,2,3,8.83,82,Sports Club,Research Scientist,No,SC
STU-1146,AE,4,7,6.17,63,Music Club,Pilot,No,SC
STU-1147,EC,3,6,9.88,82,NCC,Software Engineer,No,SC
STU-1148,AE,3,6,8.75,76,Coding Club,Professor,Yes,
STU-1149,RE,4,8,7.88,84,Photography Club,Professor,No,EWS
STU-1150,CT,2,4,7.48,80,NCC,AI Engineer,Yes,SC
STU-1151,CE,3,5,8.88,88,Coding Club,AI Engineer,Yes,SC
STU-1152,IT,2,4,7.71,85,Photography Club,Entrepreneur,Yes,ST
STU-1153,AI/ML,4,8,7.85,77,Drama Club,Pilot,No,Merit
STU-1154,CE,1,1,7.58,90,Photography Club,Pilot,Yes,OBC
STU-1155,IIOT,1,2,9.08,80,Photography Club,Pilot,No,SC
STU-1156,CE,2,3,8.27,100,Robotics Club,Research Scientist,Yes,SC
STU-1157,CT,2,4,9.18,99,Photography Club,Pilot,No,
STU-1158,IT,3,6,7.39,89,NCC,Entrepreneur,Yes,ST
STU-1159,CE,1,1,6.27,95,Robotics Club,Research Scientist,Yes,ST
STU-1160,CS,4,8,7.2,68,NCC,Robotics Engineer,No,OBC
STU-1161,IIOT,4,7,7.41,90,Robotics Club,Research Scientist,No,SC
STU-1162,IT,2,3,7.43,61,Robotics Club,AI Engineer,Yes,
STU-1163,CT,3,6,8.41,60,Drama Club,Research Scientist,Yes,Merit
STU-1164,RE,1,2,9.03,100,Coding Club,AI Engineer,Yes,OBC
STU-1165,ME,3,6,7.41,73,Coding Club,Research Scientist,Yes,SC
STU-1166,AE,2,4,7.7,98,Music Club,Research Scientist,No,EWS
STU-1167,AE,4,8,9.62,84,Photography Club,AI Engineer,Yes,SC
STU-1168,AE,2,3,8.01,70,NCC,Professor,Yes,SC
STU-1169,IT,4,8,8.34,87,Photography Club,Professor,Yes,EWS
STU-1170,ME,3,6,7.91,74,NCC,Data Scientist,Yes,
STU-1171,EC,2,4,7.16,95,Sports Club,Professor,Yes,Merit
STU-1172,AE,3,5,7.21,68,Drama Club,Data Scientist,No,Merit
STU-1173,CT,3,6,5.69,85,Music Club,Software Engineer,Yes,EWS
STU-1174,IT,1,2,8.85,81,Drama Club,Data Scientist,No,SC
STU-1175,DS,2,3,8.53,99,Photography Club,Entrepreneur,Yes,SC
STU-1176,CT,3,6,5.64,73,NCC,Professor,No,
STU-1177,CT,1,2,9.81,63,Photography Club,Pilot,Yes,ST
STU-1178,EE,4,8,9.64,63,Photography Club,Research Scientist,Yes,OBC
STU-1179,RE,2,4,6.47,61,NCC,Professor,No,SC
STU-1180,EE,1,1,8.84,67,Sports Club,Robotics Engineer,No,OBC
STU-1181,CT,3,6,8.35,76,Drama Club,AI Engineer,Yes,EWS
STU-1182,CS,1,2,7.2,66,Photography Club,Robotics Engineer,Yes,Merit
STU-1183,CE,2,4,7.92,88,Music Club,AI Engineer,No,SC
STU-1184,EE,2,3,6.75,80,NCC,Pilot,Yes,
STU-1185,AI/ML,2,4,9.74,80,Coding Club,Professor,No,EWS
STU-1186,CS,1,1,7.09,97,NSS,AI Engineer,No,ST
STU-1187,EC,1,2,6.48,61,Drama Club,Pilot,Yes,Merit
STU-1188,DS,3,5,6.58,84,Music Club,Entrepreneur,No,Merit
STU-1189,ME,2,3,7.7,60,Coding Club,Entrepreneur,No,ST
STU-1190,EC,3,5,7.57,67,NCC,Data Scientist,No,SC
STU-1191,EC,1,1,9.45,84,NCC,Robotics Engineer,Yes,OBC
STU-1192,AE,2,4,6.28,70,NCC,AI Engineer,No,EWS
STU-1193,IIOT,1,1,8.03,62,Photography Club,AI Engineer,No,OBC
STU-1194,AE,3,6,9.57,67,Photography Club,Robotics Engineer,No,OBC
STU-1195,IIOT,3,5,6.78,65,Sports Club,Pilot,No,ST
STU-1196,IT,3,5,7.9,85,Robotics Club,Software Engineer,Yes,SC
STU-1197,CT,2,4,8.87,93,Coding Club,Entrepreneur,No,ST
STU-1198,AI/ML,3,6,8.58,75,Sports Club,Software Engineer,No,OBC
STU-1199,DS,2,4,8.76,73,Music Club,Professor,No,
STU-1200,AE,2,3,8.52,60,Photography Club,Software Engineer,Yes,ST
STU-1201,CS,4,8,5.58,90,Photography Club,Robotics Engineer,Yes,Merit
STU-1202,EE,4,8,6.0,96,NSS,Research Scientist,Yes,EWS
STU-1203,RE,2,3,5.93,77,NCC,Software Engineer,Yes,ST
STU-1204,CT,4,7,8.47,100,Music Club,Entrepreneur,Yes,
STU-1205,CT,4,8,6.49,80,Photography Club,Research Scientist,Yes,SC
STU-1206,CS,1,1,6.92,82,Sports Club,Robotics Engineer,Yes,SC
STU-1207,IIOT,4,7,6.01,81,NSS,Robotics Engineer,No,EWS
STU-1208,IIOT,1,1,8.07,79,Drama Club,Entrepreneur,Yes,EWS
STU-1209,CT,2,4,7.6,82,Robotics Club,Research Scientist,No,EWS
STU-1210,EC,3,5,8.92,81,NCC,Research Scientist,No,EWS
STU-1211,EC,2,3,9.3,76,NCC,Data Scientist,No,ST
STU-1212,ETC,3,6,6.3,71,Photography Club,Professor,No,ST
STU-1213,CT,1,1,7.81,99,Photography Club,Software Engineer,Yes,SC
STU-1214,CS,2,4,5.88,98,Sports Club,Pilot,No,Merit
STU-1215,IT,3,6,5.58,84,NSS,AI Engineer,Yes,OBC
STU-1216,IIOT,1,1,9.7,75,NCC,Pilot,No,SC
STU-1217,CE,1,2,5.73,69,Music Club,AI Engineer,No,OBC
STU-1218,RE,1,2,8.55,89,NCC,Robotics Engineer,No,SC
STU-1219,CE,2,3,7.16,99,Photography Club,Software Engineer,No,SC
STU-1220,CT,2,3,9.15,78,Coding Club,Data Scientist,No,Merit
STU-1221,CE,4,8,9.22,93,Music Club,AI Engineer,Yes,SC
STU-1222,CS,3,5,9.63,85,NSS,Software Engineer,No,EWS
STU-1223,RE,4,8,8.34,90,NSS,Data Scientist,No,EWS
STU-1224,CS,2,3,7.71,78,Photography Club,Data Scientist,Yes,Merit
STU-1225,IT,1,2,5.88,90,NCC,Professor,No,
STU-1226,CE,3,6,7.49,74,NSS,AI Engineer,No,
STU-1227,CE,4,7,9.74,78,Drama Club,Robotics Engineer,Yes,SC
STU-1228,AI/ML,4,8,6.26,72,Drama Club,Entrepreneur,No,OBC
STU-1229,AE,3,6,9.26,76,Coding Club,Entrepreneur,Yes,ST
STU-1230,CS,2,3,5.5,60,Photography Club,Software Engineer,Yes,
STU-1231,ETC,3,6,8.53,60,Sports Club,Entrepreneur,Yes,EWS
STU-1232,EC,1,1,8.03,84,Sports Club,Professor,Yes,SC
STU-1233,IT,2,4,6.24,87,Sports Club,Data Scientist,No,ST
STU-1234,CS,3,6,6.48,94,Music Club,Entrepreneur,No,EWS
STU-1235,CS,3,5,7.2,61,NSS,Professor,No,ST
STU-1236,IT,1,1,5.53,62,Sports Club,Pilot,No,Merit
STU-1237,EE,2,4,9.35,81,NSS,Data Scientist,No,ST
STU-1238,AE,2,3,6.55,89,Music Club,Entrepreneur,Yes,SC
STU-1239,AI/ML,2,3,6.56,84,Coding Club,AI Engineer,No,ST
STU-1240,RE,3,6,6.74,81,Sports Club,Robotics Engineer,Yes,Merit
STU-1241,DS,3,5,6.53,74,Drama Club,Professor,No,SC
STU-1242,ETC,2,4,6.14,73,Music Club,Software Engineer,No,ST
STU-1243,DS,2,3,6.81,78,Robotics Club,Pilot,Yes,Merit
STU-1244,CE,4,7,6.66,98,NCC,Professor,Yes,OBC
STU-1245,AI/ML,1,2,9.72,67,Coding Club,Professor,No,
STU-1246,EC,1,1,6.62,60,Music Club,Entrepreneur,Yes,Merit
STU-1247,DS,4,8,8.7,66,Music Club,Professor,Yes,ST
STU-1248,EE,1,1,9.88,100,Drama Club,Robotics Engineer,No,Merit
STU-1249,IT,4,7,9.72,86,NCC,Data Scientist,Yes,Merit
STU-1250,CE,2,3,7.85,63,Robotics Club,AI Engineer,Yes,ST
STU-1251,EC,1,2,8.58,71,Coding Club,Data Scientist,No,ST
STU-1252,EC,3,5,6.53,67,NSS,Professor,No,ST
STU-1253,AE,1,1,5.58,60,Music Club,Software Engineer,No,ST
STU-1254,ME,1,1,5.9,78,Photography Club,Robotics Engineer,No,ST
STU-1255,IIOT,3,6,9.69,90,Drama Club,Robotics Engineer,Yes,SC
STU-1256,AI/ML,4,7,8.94,88,Robotics Club,AI Engineer,Yes,ST
STU-1257,AI/ML,1,1,9.89,87,Drama Club,Pilot,Yes,ST
STU-1258,IT,1,1,6.23,63,Drama Club,Software Engineer,No,OBC
STU-1259,CS,4,7,7.19,64,Robotics Club,Data Scientist,No,OBC
STU-1260,ETC,4,7,6.38,64,NCC,Robotics Engineer,No,SC
STU-1261,CS,3,5,8.58,62,Music Club,Data Scientist,No,OBC
STU-1262,CE,1,2,8.32,77,Drama Club,Professor,Yes,SC
STU-1263,ME,1,2,8.25,71,Sports Club,Research Scientist,No,OBC
STU-1264,ETC,4,8,7.18,96,Music Club,Pilot,Yes,OBC
STU-1265,IT,3,6,5.56,62,Coding Club,Professor,No,ST
STU-1266,IIOT,2,4,7.14,77,NCC,Professor,Yes,ST
STU-1267,CE,1,2,6.65,98,NCC,Robotics Engineer,No,Merit
STU-1268,CE,4,8,9.84,92,Drama Club,Robotics Engineer,Yes,OBC
STU-1269,IIOT,3,5,9.51,87,Coding Club,Professor,No,
STU-1270,IT,4,7,7.59,84,NCC,Professor,Yes,Merit
STU-1271,RE,1,1,8.35,98,NSS,Software Engineer,No,OBC
STU-1272,CS,4,8,9.54,88,NSS,Research Scientist,Yes,ST
STU-1273,AE,3,6,6.4,91,Music Club,Robotics Engineer,Yes,OBC
STU-1274,CT,4,7,8.06,73,Sports Club,Data Scientist,No,
STU-1275,EE,4,8,9.07,80,Photography Club,Robotics Engineer,No,
STU-1276,AE,2,3,6.26,65,Photography Club,Data Scientist,No,OBC
STU-1277,AI/ML,1,2,6.45,72,Robotics Club,Entrepreneur,Yes,Merit
STU-1278,ETC,3,5,9.69,65,Drama Club,Entrepreneur,Yes,EWS
STU-1279,IIOT,2,4,6.5,75,NSS,Pilot,Yes,OBC
STU-1280,CS,2,3,8.64,95,Drama Club,Entrepreneur,No,OBC
STU-1281,CT,4,8,8.43,73,Sports Club,Research Scientist,No,EWS
STU-1282,AE,3,6,6.85,73,Music Club,Professor,Yes,SC
STU-1283,IT,2,4,7.36,99,Drama Club,AI Engineer,Yes,ST
STU-1284,EC,4,8,5.96,80,NCC,Research Scientist,No,
STU-1285,ETC,1,1,5.53,78,Coding Club,Entrepreneur,No,SC
STU-1286,IIOT,1,2,9.6,98,Sports Club,Software Engineer,No,ST
STU-1287,EC,1,2,7.31,69,Music Club,Professor,No,SC
STU-1288,EE,4,8,9.7,91,NCC,Software Engineer,Yes,SC
STU-1289,IIOT,3,5,6.67,66,Photography Club,Software Engineer,Yes,SC
STU-1290,CS,3,5,7.16,82,Robotics Club,Entrepreneur,No,SC
STU-1291,RE,4,8,7.78,99,Music Club,Data Scientist,No,ST
STU-1292,CT,4,8,9.41,94,Drama Club,Entrepreneur,Yes,OBC
STU-1293,AI/ML,4,8,8.23,61,Music Club,Robotics Engineer,Yes,EWS
STU-1294,EC,4,8,7.11,71,NCC,AI Engineer,Yes,SC
STU-1295,ME,2,3,8.75,78,Music Club,Robotics Engineer,No,EWS
STU-1296,IT,4,7,5.65,66,Robotics Club,AI Engineer,No,
STU-1297,RE,4,7,8.69,67,Photography Club,Research Scientist,Yes,EWS
STU-1298,CE,1,2,6.28,67,Photography Club,AI Engineer,No,Merit
STU-1299,ME,1,1,7.36,79,NSS,Professor,No,ST
STU-1300,EC,1,2,8.47,93,Robotics Club,Professor,No,SC
STU-1301,ME,2,4,7.19,61,Photography Club,Entrepreneur,No,OBC
STU-1302,RE,4,7,6.87,100,Photography Club,Research Scientist,Yes,Merit
STU-1303,IT,4,8,6.41,73,Sports Club,Research Scientist,No,EWS
STU-1304,ETC,3,5,6.89,85,Sports Club,AI Engineer,No,ST
STU-1305,RE,4,8,7.19,83,Robotics Club,Entrepreneur,No,OBC
STU-1306,EC,4,8,6.71,72,Drama Club,Pilot,Yes,SC
STU-1307,IIOT,1,2,5.68,93,Robotics Club,Research Scientist,No,OBC
STU-1308,ME,1,1,5.97,83,Photography Club,Entrepreneur,No,ST
STU-1309,AE,2,3,5.93,88,NCC,AI Engineer,No,
STU-1310,ME,4,7,7.93,62,NSS,Data Scientist,Yes,
STU-1311,EC,2,4,7.27,86,NCC,Data Scientist,Yes,Merit
STU-1312,CS,3,6,7.66,66,Robotics Club,AI Engineer,Yes,ST
STU-1313,CE,3,5,7.09,70,Photography Club,Research Scientist,Yes,EWS
STU-1314,DS,3,6,5.59,84,Photography Club,AI Engineer,Yes,OBC
STU-1315,DS,4,7,7.19,77,NSS,Pilot,No,ST
STU-1316,AI/ML,2,4,6.04,72,Robotics Club,Pilot,No,EWS
STU-1317,RE,2,3,7.56,92,Sports Club,Software Engineer,No,OBC
STU-1318,ME,3,6,6.57,69,Drama Club,Entrepreneur,No,Merit
STU-1319,RE,4,7,6.79,81,Music Club,Robotics Engineer,Yes,EWS
STU-1320,RE,4,7,5.63,75,Photography Club,Entrepreneur,No,OBC
STU-1321,AE,1,2,8.28,89,NSS,Research Scientist,No,OBC
STU-1322,EC,4,8,5.81,68,Sports Club,Research Scientist,Yes,EWS
STU-1323,CS,4,8,6.23,73,NCC,Software Engineer,No,Merit
STU-1324,CE,4,7,8.56,85,NSS,Entrepreneur,No,
STU-1325,DS,4,7,6.84,96,Drama Club,Software Engineer,Yes,EWS
STU-1326,CE,3,5,8.02,91,Photography Club,Pilot,No,SC
STU-1327,AE,1,2,6.36,62,NCC,Pilot,No,
STU-1328,CE,4,7,7.03,68,Coding Club,Entrepreneur,Yes,OBC
STU-1329,IIOT,4,8,7.87,80,NSS,Research Scientist,Yes,Merit
STU-1330,RE,3,6,7.67,79,Music Club,AI Engineer,No,SC
STU-1331,AE,2,4,9.81,64,Sports Club,Research Scientist,Yes,
STU-1332,AE,2,3,8.33,69,NCC,AI Engineer,No,EWS
STU-1333,CS,3,6,9.03,93,NSS,Entrepreneur,No,Merit
STU-1334,CE,4,8,5.82,90,Music Club,Robotics Engineer,Yes,SC
STU-1335,RE,4,8,6.48,68,Robotics Club,Data Scientist,No,Merit
STU-1336,ETC,3,6,8.42,84,NSS,AI Engineer,Yes,SC
STU-1337,EC,3,5,7.5,92,Sports Club,AI Engineer,Yes,OBC
STU-1338,CE,2,4,8.71,77,Music Club,Pilot,Yes,
STU-1339,ETC,1,2,5.71,78,NCC,Professor,Yes,
STU-1340,AI/ML,2,4,9.56,67,NCC,Entrepreneur,Yes,ST
STU-1341,AE,3,5,9.1,63,Photography Club,Pilot,Yes,ST
STU-1342,CS,2,3,7.35,64,NCC,Research Scientist,No,Merit
STU-1343,ETC,2,4,8.96,89,Coding Club,Professor,No,
STU-1344,CS,1,2,8.18,80,Robotics Club,AI Engineer,Yes,
STU-1345,AE,4,8,7.83,91,Robotics Club,Professor,Yes,SC
STU-1346,ETC,3,5,9.35,80,Robotics Club,Research Scientist,No,OBC
STU-1347,CS,2,4,6.4,88,Coding Club,Entrepreneur,Yes,EWS
STU-1348,DS,2,3,9.23,89,Coding Club,Professor,Yes,
STU-1349,ME,4,7,8.99,85,Photography Club,Pilot,Yes,SC
STU-1350,IT,4,8,8.97,71,NSS,Software Engineer,Yes,EWS
STU-1351,AE,4,7,6.7,99,Robotics Club,AI Engineer,No,
STU-1352,RE,3,6,8.92,82,Photography Club,Robotics Engineer,Yes,EWS
STU-1353,EE,4,7,8.55,72,NCC,Professor,No,Merit
STU-1354,IT,4,8,8.89,77,Robotics Club,Pilot,Yes,
STU-1355,CS,1,2,6.56,60,NCC,Software Engineer,No,OBC
STU-1356,DS,4,8,7.81,75,Drama Club,Entrepreneur,No,OBC
STU-1357,AE,4,7,8.28,88,NCC,Robotics Engineer,Yes,OBC
STU-1358,RE,3,5,7.45,61,Photography Club,AI Engineer,Yes,OBC
STU-1359,ETC,4,7,8.5,73,Photography Club,Software Engineer,No,
STU-1360,ETC,1,1,8.43,92,Sports Club,Robotics Engineer,Yes,Merit
STU-1361,IT,4,7,5.88,66,Drama Club,Software Engineer,Yes,OBC
STU-1362,IT,2,3,8.54,82,Coding Club,Entrepreneur,No,EWS
STU-1363,DS,3,6,9.89,93,Robotics Club,Software Engineer,Yes,
STU-1364,RE,4,7,8.6,82,NCC,Software Engineer,Yes,
STU-1365,EE,1,2,9.89,77,Photography Club,Pilot,No,ST
STU-1366,RE,1,2,7.77,82,Music Club,Data Scientist,Yes,OBC
STU-1367,AI/ML,4,8,5.87,72,Photography Club,Data Scientist,Yes,Merit
STU-1368,CE,1,1,9.83,74,Drama Club,AI Engineer,Yes,OBC
STU-1369,CS,4,8,8.03,77,Photography Club,Robotics Engineer,No,OBC
STU-1370,ETC,2,3,9.17,61,Music Club,Entrepreneur,Yes,OBC
STU-1371,RE,3,6,7.53,69,Robotics Club,Robotics Engineer,No,SC
STU-1372,CE,4,7,9.89,86,Music Club,Data Scientist,No,OBC
STU-1373,ME,3,6,8.14,96,Coding Club,Research Scientist,No,SC
STU-1374,AE,2,3,9.32,99,Photography Club,Data Scientist,No,
STU-1375,AI/ML,1,2,6.6,81,Sports Club,Research Scientist,No,SC
STU-1376,ME,3,6,5.99,63,NCC,AI Engineer,Yes,ST
STU-1377,AI/ML,4,7,5.9,76,Music Club,Professor,Yes,Merit
STU-1378,EC,1,1,7.36,69,Robotics Club,AI Engineer,No,EWS
STU-1379,EE,4,8,7.14,73,Robotics Club,Software Engineer,No,Merit
STU-1380,CS,3,5,7.25,61,Music Club,Robotics Engineer,No,ST
STU-1381,CT,2,3,6.27,63,NCC,Entrepreneur,No,OBC
STU-1382,AI/ML,2,3,9.68,83,Music Club,Robotics Engineer,No,EWS
STU-1383,IIOT,3,5,6.85,87,NCC,Entrepreneur,Yes,OBC
STU-1384,DS,4,7,9.33,77,NSS,Robotics Engineer,Yes,Merit
STU-1385,ETC,4,8,8.56,60,Robotics Club,Professor,No,Merit
STU-1386,EC,2,4,9.08,70,NCC,Robotics Engineer,Yes,OBC
STU-1387,CS,1,1,8.59,75,Robotics Club,Data Scientist,Yes,ST
STU-1388,ETC,4,7,6.27,78,NCC,Entrepreneur,Yes,
STU-1389,AI/ML,3,6,7.03,92,Photography Club,Software Engineer,Yes,
STU-1390,DS,3,6,7.27,63,NCC,Professor,No,EWS
STU-1391,CS,2,4,7.39,81,Coding Club,Research Scientist,Yes,Merit
STU-1392,CT,1,2,9.75,92,NCC,Data Scientist,Yes,ST
STU-1393,EC,2,4,7.5,61,NSS,Robotics Engineer,Yes,EWS
STU-1394,IIOT,4,7,9.13,67,Coding Club,Robotics Engineer,Yes,
STU-1395,EE,1,1,8.14,75,NCC,Software Engineer,No,OBC
STU-1396,EC,4,8,9.77,76,NCC,Professor,No,
STU-1397,IT,4,7,9.17,78,Drama Club,AI Engineer,Yes,EWS
STU-1398,EC,3,5,7.47,83,Sports Club,Pilot,Yes,Merit
STU-1399,ETC,3,6,9.09,78,Robotics Club,Data Scientist,No,
STU-1400,IT,4,7,9.5,67,Music Club,Professor,Yes,ST
STU-1401,EC,4,8,9.7,95,Coding Club,AI Engineer,Yes,EWS
STU-1402,AE,1,2,5.9,75,Robotics Club,AI Engineer,No,Merit
STU-1403,IIOT,2,4,9.27,83,Photography Club,Research Scientist,Yes,
STU-1404,IIOT,2,4,5.52,100,Photography Club,Professor,Yes,Merit
STU-1405,IT,3,5,9.23,62,Drama Club,AI Engineer,Yes,Merit
STU-1406,IIOT,1,2,8.28,76,NCC,Pilot,Yes,
STU-1407,CE,1,1,9.1,68,Robotics Club,Research Scientist,Yes,ST
STU-1408,RE,4,7,8.43,70,Photography Club,Research Scientist,Yes,OBC
STU-1409,ME,2,3,8.91,69,Drama Club,Entrepreneur,No,SC
STU-1410,IIOT,3,6,7.23,100,Music Club,Software Engineer,No,
STU-1411,ETC,2,3,8.57,94,Photography Club,Software Engineer,No,ST
STU-1412,ME,4,8,5.72,95,Coding Club,Professor,No,OBC
STU-1413,IT,2,4,6.45,75,NSS,Data Scientist,Yes,EWS
STU-1414,ME,4,7,9.84,67,NSS,Pilot,No,SC
STU-1415,IT,3,5,6.15,98,Music Club,Research Scientist,Yes,
STU-1416,CE,2,3,9.1,71,Photography Club,Pilot,Yes,OBC
STU-1417,CS,2,3,9.7,64,Robotics Club,Entrepreneur,Yes,
STU-1418,EC,3,6,8.67,85,NCC,Data Scientist,No,Merit
STU-1419,DS,1,1,6.02,80,Photography Club,AI Engineer,No,ST
STU-1420,CT,4,8,6.72,76,Sports Club,Software Engineer,Yes,SC
STU-1421,IT,1,2,8.16,65,Coding Club,Data Scientist,Yes,Merit
STU-1422,CT,4,7,7.33,69,Photography Club,Robotics Engineer,No,OBC
STU-1423,AE,3,6,7.09,79,Photography Club,Data Scientist,No,Merit
STU-1424,ME,2,3,5.69,99,Photography Club,AI Engineer,No,ST
STU-1425,AI/ML,2,3,9.48,64,Sports Club,Entrepreneur,No,
STU-1426,AI/ML,1,1,6.59,87,Drama Club,Research Scientist,No,OBC
STU-1427,CT,3,5,6.88,84,Music Club,Robotics Engineer,Yes,ST
STU-1428,CS,3,6,8.82,77,Robotics Club,Entrepreneur,Yes,Merit
STU-1429,EC,4,8,8.65,77,Music Club,Pilot,No,Merit
STU-1430,EE,1,2,8.99,78,Coding Club,Professor,No,Merit
STU-1431,AI/ML,3,6,5.99,78,Sports Club,Research Scientist,No,
STU-1432,IIOT,3,6,9.38,63,Robotics Club,AI Engineer,No,OBC
STU-1433,RE,3,5,8.81,88,Coding Club,AI Engineer,No,
STU-1434,AE,1,1,9.24,96,NCC,Entrepreneur,No,
STU-1435,CS,1,1,9.89,66,Music Club,Data Scientist,No,ST
STU-1436,AI/ML,1,2,7.56,71,NSS,Professor,Yes,
STU-1437,AI/ML,4,8,9.03,77,Photography Club,Pilot,Yes,
STU-1438,CS,4,7,8.43,68,Drama Club,Robotics Engineer,Yes,Merit
STU-1439,CE,4,8,9.7,89,Coding Club,AI Engineer,Yes,
STU-1440,AI/ML,4,7,6.28,94,Robotics Club,AI Engineer,No,SC
STU-1441,AE,2,3,8.0,73,Music Club,Software Engineer,No,SC
STU-1442,ETC,2,3,5.75,82,Music Club,Research Scientist,Yes,Merit
STU-1443,AE,4,7,9.68,78,Coding Club,Professor,Yes,EWS
STU-1444,DS,1,1,7.1,74,NSS,AI Engineer,No,SC
STU-1445,IT,4,8,7.67,90,Sports Club,Robotics Engineer,No,Merit
STU-1446,IIOT,1,1,7.45,75,NSS,Research Scientist,No,Merit
STU-1447,EC,4,8,6.32,79,Robotics Club,Data Scientist,Yes,EWS
STU-1448,IT,3,6,8.65,96,Coding Club,AI Engineer,Yes,ST
STU-1449,IT,2,3,6.33,88,Coding Club,Pilot,Yes,
STU-1450,EE,2,4,7.02,68,Robotics Club,Pilot,Yes,OBC
STU-1451,ETC,1,1,8.62,84,Drama Club,Professor,Yes,SC
STU-1452,CS,2,4,6.63,77,Sports Club,Robotics Engineer,No,SC
STU-1453,EE,1,2,6.88,87,Photography Club,Research Scientist,No,SC
STU-1454,RE,3,5,6.99,77,Drama Club,Data Scientist,Yes,SC
STU-1455,CS,2,4,7.31,88,Drama Club,Professor,No,ST
STU-1456,ME,3,5,8.87,80,Drama Club,Software Engineer,No,ST
STU-1457,AE,2,4,6.64,66,Sports Club,Pilot,Yes,ST
STU-1458,AE,1,1,7.25,96,Coding Club,Research Scientist,Yes,Merit
STU-1459,ME,2,4,9.05,96,Robotics Club,Professor,No,Merit
STU-1460,EE,2,3,7.64,64,NCC,Robotics Engineer,No,ST
STU-1461,ETC,3,5,7.56,96,Music Club,Data Scientist,Yes,ST
STU-1462,ME,1,1,6.42,69,Coding Club,Research Scientist,Yes,EWS
STU-1463,AI/ML,3,5,9.78,77,Drama Club,Robotics Engineer,Yes,
STU-1464,EE,4,8,8.03,79,NCC,Software Engineer,No,Merit
STU-1465,IT,2,4,9.29,99,Music Club,Robotics Engineer,No,OBC
STU-1466,CT,3,5,9.16,79,Sports Club,AI Engineer,Yes,OBC
STU-1467,DS,1,1,9.05,73,Photography Club,AI Engineer,Yes,
STU-1468,IT,1,1,6.66,90,Music Club,Data Scientist,No,
STU-1469,EC,1,2,9.78,82,NCC,Entrepreneur,Yes,ST
STU-1470,EC,4,7,6.7,76,Drama Club,Data Scientist,No,ST
STU-1471,IT,2,4,8.17,63,Drama Club,Data Scientist,Yes,
STU-1472,DS,2,3,9.4,65,Music Club,Robotics Engineer,Yes,SC
STU-1473,CE,1,2,8.05,69,NCC,Research Scientist,No,
STU-1474,ME,3,5,5.9,82,Photography Club,Software Engineer,No,ST
STU-1475,EE,3,5,9.06,86,Robotics Club,Research Scientist,No,Merit
STU-1476,CS,3,5,6.91,65,Sports Club,Research Scientist,No,SC
STU-1477,CT,1,1,8.77,96,NCC,Software Engineer,No,OBC
STU-1478,EE,3,5,9.75,79,Photography Club,Research Scientist,Yes,OBC
STU-1479,CS,1,1,6.36,67,Photography Club,Pilot,No,Merit
STU-1480,DS,3,6,7.59,91,NSS,Software Engineer,Yes,EWS
STU-1481,RE,2,4,7.09,75,NSS,Robotics Engineer,Yes,ST
STU-1482,RE,4,7,9.55,72,Music Club,Entrepreneur,No,ST
STU-1483,ETC,4,7,9.85,73,Music Club,AI Engineer,Yes,Merit
STU-1484,IIOT,2,3,8.53,77,NSS,Professor,Yes,OBC
STU-1485,RE,3,5,6.82,86,NCC,Software Engineer,No,EWS
STU-1486,EE,3,5,8.5,97,Robotics Club,Software Engineer,No,SC
STU-1487,IT,1,2,6.72,75,NCC,Robotics Engineer,Yes,
STU-1488,RE,4,8,6.9,67,Music Club,Entrepreneur,Yes,
STU-1489,ME,2,4,6.68,73,Photography Club,Research Scientist,No,ST
STU-1490,CE,4,7,5.66,73,Robotics Club,Pilot,Yes,OBC
STU-1491,IT,3,5,6.12,94,NSS,Research Scientist,No,SC
STU-1492,RE,4,8,5.79,68,Sports Club,Robotics Engineer,Yes,EWS
STU-1493,EC,3,5,7.12,95,Music Club,Robotics Engineer,No,ST
STU-1494,ETC,3,5,9.58,89,Sports Club,Entrepreneur,No,Merit
STU-1495,EE,4,8,8.13,63,NCC,Pilot,No,ST
STU-1496,ETC,1,2,7.19,99,NCC,Entrepreneur,No,
STU-1497,IT,3,6,6.76,69,Music Club,Software Engineer,No,SC
STU-1498,AE,1,1,6.08,80,Music Club,Entrepreneur,Yes,
STU-1499,AE,3,5,5.78,69,Music Club,AI Engineer,No,SC
STU-1500,CS,4,8,9.74,95,NSS,Software Engineer,No,ST
STU-1501,CS,3,5,7.84,67,Music Club,Entrepreneur,No,ST
STU-1502,ETC,4,7,7.94,100,Photography Club,Research Scientist,Yes,OBC
STU-1503,AI/ML,2,4,9.64,60,NCC,Software Engineer,No,ST
STU-1504,CT,3,6,6.86,93,NCC,Professor,No,EWS
STU-1505,IT,2,3,8.82,69,Robotics Club,Entrepreneur,Yes,Merit
STU-1506,ME,2,4,8.8,93,Robotics Club,AI Engineer,Yes,Merit
STU-1507,AE,2,4,8.01,65,Photography Club,Entrepreneur,Yes,EWS
STU-1508,CE,1,1,7.16,100,NSS,Research Scientist,Yes,
STU-1509,CT,4,8,7.39,82,Music Club,Entrepreneur,Yes,
STU-1510,RE,2,4,6.11,74,NSS,AI Engineer,No,OBC
STU-1511,EC,3,6,8.29,65,NSS,AI Engineer,Yes,Merit
STU-1512,DS,4,7,6.82,62,Drama Club,Software Engineer,Yes,OBC
STU-1513,RE,4,8,8.7,72,NCC,AI Engineer,No,SC
STU-1514,ME,3,6,8.59,60,Coding Club,Professor,No,OBC
STU-1515,IT,3,6,8.6,66,Photography Club,Entrepreneur,Yes,
STU-1516,IT,3,5,6.04,99,Music Club,Software Engineer,Yes,ST
STU-1517,DS,2,4,9.05,67,NSS,Research Scientist,Yes,OBC
STU-1518,AE,1,1,6.56,65,Sports Club,Entrepreneur,No,SC
STU-1519,DS,1,2,9.52,64,NSS,Professor,Yes,OBC
STU-1520,AI/ML,3,6,6.01,95,Sports Club,Entrepreneur,Yes,EWS
STU-1521,CT,1,1,8.03,84,Coding Club,Professor,No,SC
STU-1522,EE,4,7,7.16,61,Robotics Club,Research Scientist,Yes,SC
STU-1523,RE,2,4,7.1,76,Sports Club,Data Scientist,Yes,
STU-1524,CT,3,6,7.89,83,Sports Club,Pilot,Yes,
STU-1525,EE,2,3,8.72,78,Sports Club,Professor,No,OBC
STU-1526,IIOT,1,1,9.39,85,Music Club,Research Scientist,Yes,EWS
STU-1527,EC,4,7,5.9,80,Photography Club,Robotics Engineer,No,
STU-1528,CS,3,5,6.36,99,NSS,AI Engineer,Yes,
STU-1529,IIOT,2,3,7.98,69,Photography Club,Data Scientist,Yes,EWS
STU-1530,RE,4,8,8.26,71,Coding Club,Research Scientist,Yes,
STU-1531,IIOT,1,1,6.0,79,Drama Club,Research Scientist,No,OBC
STU-1532,CE,2,4,9.28,84,Drama Club,Software Engineer,Yes,
STU-1533,CE,4,7,6.95,82,Photography Club,Entrepreneur,Yes,SC
STU-1534,ME,1,1,6.84,65,Robotics Club,Data Scientist,No,EWS
STU-1535,CT,2,4,7.5,84,Music Club,Software Engineer,Yes,SC
STU-1536,EC,2,4,5.8,84,Coding Club,Research Scientist,Yes,EWS
STU-1537,CE,3,6,6.54,92,Coding Club,Software Engineer,No,
STU-1538,ME,1,1,8.18,71,Photography Club,Entrepreneur,No,Merit
STU-1539,RE,2,4,7.26,77,Photography Club,Pilot,No,SC
STU-1540,DS,4,7,6.93,73,Photography Club,AI Engineer,No,OBC
STU-1541,AI/ML,2,4,8.21,91,Drama Club,AI Engineer,Yes,
STU-1542,ETC,2,3,7.92,86,Coding Club,Professor,No,ST
STU-1543,DS,2,3,7.73,96,NCC,AI Engineer,No,Merit
STU-1544,DS,3,6,6.51,67,NCC,Robotics Engineer,No,EWS
STU-1545,CS,2,3,8.11,70,Sports Club,Pilot,Yes,EWS
STU-1546,ME,1,1,6.13,66,Robotics Club,Data Scientist,No,ST
STU-1547,CS,4,8,7.23,69,Photography Club,Software Engineer,Yes,Merit
STU-1548,CT,3,5,5.97,82,Drama Club,Data Scientist,No,SC
STU-1549,EC,1,2,5.91,67,Sports Club,Professor,Yes,OBC
STU-1550,CS,1,1,5.72,61,Coding Club,AI Engineer,Yes,
STU-1551,DS,2,3,8.4,78,NSS,Entrepreneur,No,EWS
STU-1552,EC,3,6,8.27,97,Photography Club,Robotics Engineer,Yes,Merit
STU-1553,CT,1,1,7.32,66,Drama Club,Research Scientist,Yes,Merit
STU-1554,CE,1,1,6.39,62,Drama Club,Research Scientist,No,EWS
STU-1555,ETC,1,1,7.89,62,Coding Club,Pilot,Yes,SC
STU-1556,ETC,3,6,5.89,86,Sports Club,Software Engineer,Yes,ST
STU-1557,EE,2,4,7.67,92,Sports Club,Pilot,Yes,ST
STU-1558,IIOT,2,4,8.61,93,Coding Club,Research Scientist,Yes,ST
STU-1559,AI/ML,4,8,5.76,100,Sports Club,Data Scientist,No,Merit
STU-1560,IT,2,4,8.11,63,Drama Club,AI Engineer,Yes,EWS
STU-1561,ETC,3,6,5.52,79,Sports Club,Professor,Yes,Merit
STU-1562,ETC,2,4,9.54,99,Music Club,Research Scientist,Yes,
STU-1563,CE,1,1,7.23,88,NCC,Professor,Yes,SC
STU-1564,CE,2,3,5.99,97,NCC,Software Engineer,Yes,SC
STU-1565,DS,1,1,7.57,90,Coding Club,Pilot,No,OBC
STU-1566,CT,4,8,5.54,96,Drama Club,Robotics Engineer,Yes,ST
STU-1567,CS,4,8,5.62,89,Sports Club,Professor,Yes,ST
STU-1568,CT,2,4,7.72,92,Coding Club,Data Scientist,No,ST
STU-1569,EC,1,1,8.68,99,Sports Club,Professor,Yes,Merit
STU-1570,EE,3,6,5.86,98,Sports Club,Pilot,Yes,ST
STU-1571,AE,4,8,5.85,87,Sports Club,Entrepreneur,No,
STU-1572,RE,3,5,7.96,81,Coding Club,Professor,Yes,OBC
STU-1573,CS,1,1,5.96,100,Music Club,Pilot,No,EWS
STU-1574,AE,2,3,6.98,87,Music Club,Robotics Engineer,Yes,Merit
STU-1575,AI/ML,1,2,6.33,88,Music Club,AI Engineer,Yes,Merit
STU-1576,IIOT,4,8,8.28,85,Coding Club,Research Scientist,No,OBC
STU-1577,DS,2,3,7.73,95,Music Club,Software Engineer,No,SC
STU-1578,IT,1,1,7.92,89,Photography Club,Software Engineer,Yes,SC
STU-1579,RE,2,4,9.46,61,NSS,AI Engineer,No,OBC
STU-1580,EC,2,4,6.94,93,Robotics Club,Research Scientist,Yes,EWS
STU-1581,IT,1,1,8.63,75,Music Club,Robotics Engineer,No,OBC
STU-1582,CE,1,1,9.0,94,NSS,Research Scientist,Yes,Merit
STU-1583,RE,3,5,8.08,91,Sports Club,Entrepreneur,No,SC
STU-1584,AE,2,3,9.76,88,NCC,Robotics Engineer,No,Merit
STU-1585,AI/ML,2,3,7.92,81,NCC,Research Scientist,Yes,OBC
STU-1586,IT,1,1,7.53,77,NCC,Data Scientist,Yes,EWS
STU-1587,CS,3,6,6.03,68,Coding Club,Robotics Engineer,Yes,Merit
STU-1588,RE,4,7,8.7,82,Robotics Club,Professor,Yes,SC
STU-1589,DS,3,6,7.69,82,NSS,Software Engineer,No,ST
STU-1590,RE,4,8,8.75,67,Music Club,Research Scientist,No,
STU-1591,CE,2,3,7.68,66,Drama Club,AI Engineer,No,
STU-1592,IT,1,2,9.64,75,NCC,AI Engineer,Yes,EWS
STU-1593,EE,1,1,8.23,68,Coding Club,AI Engineer,Yes,OBC
STU-1594,CT,1,1,6.57,89,Coding Club,Data Scientist,No,SC
STU-1595,CT,4,8,8.71,85,Coding Club,Research Scientist,No,ST
STU-1596,DS,4,8,7.69,99,Photography Club,Research Scientist,No,
STU-1597,EC,3,6,8.64,75,NSS,Professor,No,EWS
STU-1598,IT,1,2,7.17,96,NSS,Entrepreneur,No,
STU-1599,ME,3,6,7.1,75,Coding Club,AI Engineer,No,OBC
STU-1600,CS,2,3,8.65,99,Music Club,Entrepreneur,Yes,
STU-1601,RE,3,6,8.06,79,Robotics Club,Robotics Engineer,No,EWS
STU-1602,IIOT,3,6,7.26,68,Robotics Club,Professor,No,EWS
STU-1603,IT,2,3,6.08,78,NSS,Research Scientist,Yes,OBC
STU-1604,DS,4,8,6.53,89,Music Club,Robotics Engineer,No,EWS
STU-1605,CS,3,6,6.33,89,Drama Club,Robotics Engineer,No,Merit
STU-1606,CT,2,4,5.73,94,NCC,Robotics Engineer,No,ST
STU-1607,ETC,2,4,6.86,92,Drama Club,Pilot,No,EWS
STU-1608,CE,3,5,5.89,77,Sports Club,Entrepreneur,Yes,EWS
STU-1609,AE,1,2,8.05,64,Robotics Club,Pilot,Yes,SC
STU-1610,ME,4,8,8.4,64,Sports Club,Data Scientist,Yes,ST
STU-1611,IIOT,1,2,5.7,91,Photography Club,Research Scientist,No,EWS
STU-1612,DS,3,5,9.33,100,Music Club,AI Engineer,Yes,Merit
STU-1613,EC,1,1,6.95,94,Photography Club,Software Engineer,Yes,SC
STU-1614,DS,3,6,7.84,90,Sports Club,Entrepreneur,No,Merit
STU-1615,IIOT,4,8,9.85,96,Music Club,AI Engineer,Yes,EWS
STU-1616,ETC,1,1,9.84,77,Music Club,AI Engineer,Yes,Merit
STU-1617,ME,1,1,7.87,60,Robotics Club,Pilot,Yes,Merit
STU-1618,CS,3,5,9.47,63,Drama Club,AI Engineer,No,Merit
STU-1619,IT,4,7,5.57,81,Music Club,Entrepreneur,Yes,Merit
STU-1620,CT,2,3,6.6,98,Coding Club,Research Scientist,No,ST
STU-1621,AE,1,2,7.28,68,NCC,Entrepreneur,No,EWS
STU-1622,ME,2,3,6.9,88,Photography Club,Entrepreneur,Yes,EWS
STU-1623,EC,4,8,9.71,95,Sports Club,Robotics Engineer,No,
STU-1624,CS,1,2,9.06,76,Coding Club,Robotics Engineer,No,ST
STU-1625,EE,3,6,9.32,62,Photography Club,Data Scientist,No,Merit
STU-1626,ME,4,8,7.0,84,Sports Club,Research Scientist,Yes,
STU-1627,EE,1,1,6.16,72,Music Club,Research Scientist,Yes,EWS
STU-1628,RE,1,1,8.28,92,Drama Club,Research Scientist,Yes,
STU-1629,EE,4,7,7.33,63,NSS,Software Engineer,Yes,Merit
STU-1630,ETC,2,4,8.57,91,Robotics Club,Software Engineer,No,
STU-1631,CS,4,8,9.13,89,Sports Club,Research Scientist,Yes,ST
STU-1632,DS,1,2,6.71,80,Drama Club,Entrepreneur,No,SC
STU-1633,RE,1,1,8.0,97,NCC,Robotics Engineer,No,OBC
STU-1634,AI/ML,1,2,6.15,89,Robotics Club,Research Scientist,No,ST
STU-1635,ETC,3,6,8.05,67,Photography Club,Professor,Yes,OBC
STU-1636,CT,2,3,7.59,92,NCC,Professor,No,ST
STU-1637,EC,2,4,7.58,76,Photography Club,Pilot,No,ST
STU-1638,EE,2,4,6.68,81,NSS,Research Scientist,Yes,EWS
STU-1639,EC,2,4,8.2,94,NSS,Robotics Engineer,Yes,SC
STU-1640,DS,4,7,8.83,64,NCC,Research Scientist,No,ST
STU-1641,ME,3,5,6.35,80,Coding Club,Entrepreneur,Yes,OBC
STU-1642,RE,4,8,8.17,89,Robotics Club,Pilot,No,ST
STU-1643,IIOT,1,2,8.18,80,Music Club,Research Scientist,No,Merit
STU-1644,AE,4,7,6.55,87,NSS,Entrepreneur,No,EWS
STU-1645,AI/ML,4,8,7.04,91,NSS,Entrepreneur,Yes,ST
STU-1646,CS,3,6,5.81,61,Sports Club,Data Scientist,No,OBC
STU-1647,AI/ML,1,1,5.92,71,Robotics Club,AI Engineer,No,Merit
STU-1648,AI/ML,4,8,9.39,68,Music Club,Data Scientist,Yes,SC
STU-1649,CE,4,8,5.51,67,NCC,Entrepreneur,No,Merit
STU-1650,EC,3,5,7.42,100,Music Club,Entrepreneur,Yes,Merit
STU-1651,EC,3,5,9.24,81,Coding Club,AI Engineer,No,SC
STU-1652,CT,2,4,7.88,64,Music Club,Research Scientist,Yes,
STU-1653,EE,2,4,6.94,92,Coding Club,Software Engineer,Yes,SC
STU-1654,CT,3,6,6.23,92,Coding Club,Professor,No,Merit
STU-1655,IIOT,4,7,6.8,81,Music Club,AI Engineer,Yes,Merit
STU-1656,DS,2,3,5.6,67,Photography Club,Software Engineer,Yes,ST
STU-1657,AE,2,4,5.8,92,Music Club,Professor,No,SC
STU-1658,CT,4,7,8.14,71,Photography Club,Data Scientist,Yes,OBC
STU-1659,ME,2,3,7.58,60,Coding Club,Software Engineer,Yes,
STU-1660,AE,2,4,7.56,95,Drama Club,Research Scientist,No,Merit
STU-1661,CE,2,3,8.66,62,NCC,Professor,Yes,EWS
STU-1662,IIOT,2,3,5.92,70,Drama Club,Data Scientist,Yes,
STU-1663,IT,1,1,6.01,92,NSS,Data Scientist,Yes,Merit
STU-1664,DS,2,3,7.05,61,Sports Club,Pilot,Yes,Merit
STU-1665,EC,2,4,8.94,93,Photography Club,Data Scientist,Yes,SC
STU-1666,IT,3,5,6.06,83,Sports Club,Research Scientist,Yes,SC
STU-1667,ME,1,2,8.83,96,Sports Club,Professor,Yes,EWS
STU-1668,EE,2,3,6.51,67,Photography Club,Professor,Yes,SC
STU-1669,IIOT,4,8,9.21,63,Sports Club,Professor,No,ST
STU-1670,IIOT,2,4,7.48,83,Coding Club,Professor,Yes,ST
STU-1671,ME,1,2,8.84,66,Coding Club,Pilot,No,Merit
STU-1672,AI/ML,1,1,9.26,71,Coding Club,Entrepreneur,No,ST
STU-1673,ME,2,3,8.81,87,NSS,Research Scientist,Yes,Merit
STU-1674,CS,1,1,9.4,75,Sports Club,Entrepreneur,No,
STU-1675,EE,3,6,8.95,72,Sports Club,Software Engineer,Yes,EWS
STU-1676,IIOT,2,3,9.81,88,Robotics Club,Entrepreneur,Yes,OBC
STU-1677,CT,3,5,9.12,77,Photography Club,Research Scientist,No,OBC
STU-1678,RE,2,4,6.23,65,Coding Club,Software Engineer,Yes,
STU-1679,ETC,4,8,5.79,72,Photography Club,Data Scientist,No,
STU-1680,EC,3,5,6.64,83,Photography Club,Entrepreneur,No,OBC
STU-1681,EE,2,3,8.79,83,NCC,Data Scientist,Yes,SC
STU-1682,RE,3,5,9.23,86,Music Club,Professor,Yes,SC
STU-1683,CS,3,6,9.19,81,Coding Club,Software Engineer,Yes,OBC
STU-1684,EC,2,3,6.21,78,NSS,Robotics Engineer,No,OBC
STU-1685,AI/ML,4,7,8.96,73,Music Club,Pilot,Yes,OBC
STU-1686,ME,1,2,8.63,72,NCC,Professor,No,Merit
STU-1687,AE,2,4,5.55,84,NCC,Research Scientist,Yes,
STU-1688,RE,3,5,9.57,63,Photography Club,Robotics Engineer,Yes,ST
STU-1689,ME,4,7,5.81,78,Drama Club,Pilot,Yes,ST
STU-1690,CE,2,3,7.39,82,Photography Club,AI Engineer,Yes,ST
STU-1691,AI/ML,3,5,6.44,70,NSS,Data Scientist,Yes,EWS
STU-1692,CE,1,2,6.61,65,Sports Club,Entrepreneur,Yes,Merit
STU-1693,CS,3,5,9.27,98,Drama Club,Data Scientist,No,OBC
STU-1694,EC,1,1,8.2,93,Coding Club,Research Scientist,Yes,ST
STU-1695,IT,2,3,6.91,100,Coding Club,Robotics Engineer,No,ST
STU-1696,CT,3,5,7.02,77,Robotics Club,Pilot,No,Merit
STU-1697,IT,3,5,9.73,72,Photography Club,Research Scientist,No,ST
STU-1698,EE,4,8,6.38,98,NCC,Entrepreneur,No,SC
STU-1699,CS,2,4,7.93,95,Robotics Club,Entrepreneur,No,ST
STU-1700,CS,2,3,9.83,71,Music Club,Research Scientist,Yes,SC
STU-1701,EE,4,7,8.9,88,Coding Club,Professor,Yes,EWS
STU-1702,ME,4,8,9.29,88,Drama Club,Professor,Yes,ST
STU-1703,AI/ML,2,4,8.03,75,Sports Club,AI Engineer,Yes,ST
STU-1704,IT,1,2,9.32,85,Photography Club,Research Scientist,Yes,EWS
STU-1705,IT,3,6,9.01,89,Photography Club,Data Scientist,Yes,OBC
STU-1706,AI/ML,1,2,6.9,98,NSS,Professor,No,EWS
STU-1707,CS,1,2,6.82,71,Drama Club,Research Scientist,Yes,Merit
STU-1708,ETC,2,3,6.19,92,Sports Club,Robotics Engineer,No,ST
STU-1709,AE,1,2,5.73,75,Robotics Club,Pilot,Yes,ST
STU-1710,ETC,3,5,6.34,73,Sports Club,Research Scientist,Yes,EWS
STU-1711,IT,4,8,8.44,89,NCC,Software Engineer,No,ST
STU-1712,ETC,3,6,6.3,99,Photography Club,Entrepreneur,Yes,OBC
STU-1713,CS,4,8,9.79,88,Music Club,Robotics Engineer,No,ST
STU-1714,RE,2,3,8.67,84,Sports Club,Research Scientist,Yes,EWS
STU-1715,IT,2,3,8.85,72,NCC,Robotics Engineer,Yes,SC
STU-1716,ETC,1,1,6.56,83,NSS,Software Engineer,No,SC
STU-1717,IT,1,1,8.58,72,Robotics Club,Research Scientist,No,EWS
STU-1718,IIOT,3,6,5.59,100,Drama Club,Professor,No,SC
STU-1719,IIOT,3,6,7.31,64,NSS,Data Scientist,No,ST
STU-1720,DS,3,5,7.64,79,NSS,AI Engineer,Yes,EWS
STU-1721,DS,3,6,9.71,84,Music Club,Professor,No,EWS
STU-1722,AE,4,8,6.69,75,Robotics Club,Data Scientist,No,EWS
STU-1723,IT,1,1,7.18,94,NSS,Research Scientist,Yes,EWS
STU-1724,RE,1,1,8.68,89,Drama Club,Research Scientist,Yes,
STU-1725,CE,2,3,7.91,87,Drama Club,Entrepreneur,No,SC
STU-1726,CS,3,6,9.32,96,Sports Club,Data Scientist,Yes,
STU-1727,IIOT,3,6,8.71,61,Coding Club,Robotics Engineer,No,OBC
STU-1728,CE,2,4,5.89,60,Coding Club,Research Scientist,Yes,OBC
STU-1729,CS,4,7,7.78,99,Photography Club,Data Scientist,Yes,Merit
STU-1730,EE,4,7,8.08,94,Photography Club,AI Engineer,No,EWS
STU-1731,AI/ML,4,8,9.61,69,Music Club,Robotics Engineer,Yes,OBC
STU-1732,CS,4,8,5.87,61,Robotics Club,Research Scientist,Yes,OBC
STU-1733,EC,3,5,5.55,92,NSS,Data Scientist,No,EWS
STU-1734,ETC,2,4,6.65,74,Music Club,Software Engineer,No,OBC
STU-1735,IT,4,7,5.8,68,NSS,Data Scientist,Yes,SC
STU-1736,AE,3,6,6.23,87,Robotics Club,Robotics Engineer,No,OBC
STU-1737,IT,3,6,8.44,83,NSS,Software Engineer,Yes,SC
STU-1738,RE,3,5,7.83,78,Robotics Club,Software Engineer,No,EWS
STU-1739,IT,2,4,8.52,64,Photography Club,Software Engineer,Yes,ST
STU-1740,CE,4,8,9.26,95,Photography Club,Professor,Yes,OBC
STU-1741,IT,1,1,8.65,65,Robotics Club,AI Engineer,No,OBC
STU-1742,IIOT,2,3,8.48,81,NSS,Robotics Engineer,Yes,SC
STU-1743,IT,4,7,8.45,67,NSS,Research Scientist,No,SC
STU-1744,CE,2,4,8.74,91,Drama Club,Entrepreneur,Yes,EWS
STU-1745,IIOT,4,7,9.1,63,Sports Club,Research Scientist,Yes,Merit
STU-1746,ETC,4,8,8.85,81,Photography Club,Professor,No,Merit
STU-1747,EE,3,6,7.11,62,NCC,Robotics Engineer,No,OBC
STU-1748,IT,3,5,9.24,83,Drama Club,Robotics Engineer,No,SC
STU-1749,IT,3,6,6.4,75,Drama Club,Robotics Engineer,Yes,EWS
STU-1750,ME,4,7,7.58,88,NCC,Professor,No,
STU-1751,EE,3,5,8.85,86,Sports Club,Pilot,No,OBC
STU-1752,EE,4,7,9.85,70,Music Club,Research Scientist,No,EWS
STU-1753,CE,4,8,9.52,63,Drama Club,AI Engineer,No,EWS
STU-1754,CS,2,4,6.92,91,Drama Club,Robotics Engineer,Yes,Merit
STU-1755,ME,3,6,6.15,88,Music Club,Data Scientist,No,ST
STU-1756,DS,4,7,6.37,75,Coding Club,Software Engineer,Yes,OBC
STU-1757,IIOT,4,8,6.87,99,NSS,Software Engineer,Yes,EWS
STU-1758,ME,4,7,5.59,73,Robotics Club,Entrepreneur,No,
STU-1759,CE,3,5,8.14,84,Sports Club,AI Engineer,No,Merit
STU-1760,ME,4,7,5.97,92,NSS,AI Engineer,Yes,
STU-1761,EC,2,4,8.09,63,Robotics Club,Software Engineer,No,
STU-1762,IT,4,8,6.55,89,Robotics Club,Data Scientist,Yes,SC
STU-1763,CS,3,5,8.07,80,Photography Club,Research Scientist,No,
STU-1764,IIOT,2,4,6.9,100,Photography Club,AI Engineer,No,SC
STU-1765,AE,4,8,5.62,87,Music Club,Research Scientist,No,SC
STU-1766,AE,2,3,9.25,97,Drama Club,Pilot,No,SC
STU-1767,AE,4,7,8.32,79,Sports Club,Data Scientist,Yes,ST
STU-1768,RE,3,6,9.38,73,NSS,Pilot,Yes,EWS
STU-1769,RE,4,7,5.51,78,NSS,Software Engineer,Yes,
STU-1770,EC,3,6,6.54,91,Music Club,Research Scientist,No,OBC
STU-1771,AE,2,4,7.4,66,Sports Club,Software Engineer,Yes,EWS
STU-1772,EC,2,3,7.0,98,NSS,AI Engineer,Yes,
STU-1773,CE,1,1,6.65,90,Drama Club,Entrepreneur,Yes,OBC
STU-1774,CT,2,3,8.24,73,Music Club,Entrepreneur,No,Merit
STU-1775,IT,1,1,7.62,83,Music Club,Software Engineer,No,Merit
STU-1776,IIOT,2,4,6.49,69,Sports Club,Research Scientist,Yes,ST
STU-1777,IT,4,7,8.28,83,Drama Club,Entrepreneur,No,Merit
STU-1778,ME,1,2,6.55,80,Sports Club,Software Engineer,Yes,SC
STU-1779,AE,4,8,9.81,83,Photography Club,Data Scientist,No,ST
STU-1780,EE,1,2,5.67,74,Sports Club,Research Scientist,Yes,SC
STU-1781,CT,1,1,6.61,89,Coding Club,AI Engineer,Yes,EWS
STU-1782,AE,4,8,9.51,93,Drama Club,AI Engineer,Yes,OBC
STU-1783,DS,3,5,8.07,79,Robotics Club,Pilot,No,
STU-1784,ME,4,7,9.24,85,Sports Club,Entrepreneur,Yes,OBC
STU-1785,ME,3,6,9.09,89,Drama Club,Data Scientist,No,
STU-1786,EC,1,1,7.81,71,Sports Club,Robotics Engineer,Yes,OBC
STU-1787,DS,2,3,9.06,60,Photography Club,Data Scientist,No,Merit
STU-1788,CS,4,7,5.57,76,NCC,Entrepreneur,No,SC
STU-1789,AE,2,4,8.78,68,Music Club,Data Scientist,No,
STU-1790,RE,3,5,7.28,67,Drama Club,Entrepreneur,No,
STU-1791,CS,2,3,5.94,96,Robotics Club,AI Engineer,No,ST
STU-1792,ME,4,7,6.72,87,Music Club,AI Engineer,Yes,
STU-1793,IT,2,4,6.23,97,Music Club,Data Scientist,Yes,ST
STU-1794,IT,1,1,5.74,77,NSS,Data Scientist,Yes,EWS
STU-1795,IT,2,3,7.59,77,Sports Club,Research Scientist,Yes,SC
STU-1796,ME,2,4,5.69,87,NSS,Data Scientist,Yes,ST
STU-1797,EE,4,8,9.61,60,Drama Club,Pilot,Yes,EWS
STU-1798,AE,3,6,8.53,86,NCC,Professor,No,Merit
STU-1799,CE,2,3,6.66,91,NCC,AI Engineer,Yes,SC
STU-1800,IT,3,5,8.73,84,NSS,Software Engineer,Yes,OBC
STU-1801,CE,2,3,7.24,79,NSS,Entrepreneur,Yes,OBC
STU-1802,CS,1,2,8.08,79,Photography Club,Research Scientist,Yes,Merit
STU-1803,RE,2,3,6.46,77,Drama Club,Data Scientist,No,EWS
STU-1804,AE,2,4,9.7,86,Robotics Club,Robotics Engineer,Yes,EWS
STU-1805,CE,3,5,8.4,74,NSS,Pilot,No,OBC
STU-1806,AE,3,5,9.1,66,Coding Club,Data Scientist,Yes,EWS
STU-1807,CE,1,1,8.19,72,Coding Club,AI Engineer,No,Merit
STU-1808,CS,4,8,8.14,72,Robotics Club,Data Scientist,No,SC
STU-1809,AI/ML,4,8,9.68,89,Photography Club,Pilot,No,SC
STU-1810,CS,2,3,7.65,81,NSS,AI Engineer,No,ST
STU-1811,CS,2,3,6.04,76,Photography Club,Robotics Engineer,Yes,EWS
STU-1812,CS,2,3,9.35,70,Music Club,Entrepreneur,Yes,SC
STU-1813,CE,3,5,5.97,95,Robotics Club,Research Scientist,No,EWS
STU-1814,RE,2,4,6.46,96,NSS,Professor,Yes,OBC
STU-1815,IIOT,2,3,5.59,60,Sports Club,Data Scientist,Yes,OBC
STU-1816,RE,4,7,8.51,70,NSS,AI Engineer,No,ST
STU-1817,ETC,3,5,8.73,63,Drama Club,Software Engineer,No,ST
STU-1818,EC,2,4,6.91,62,Sports Club,Research Scientist,Yes,Merit
STU-1819,CE,4,8,8.1,81,Coding Club,Robotics Engineer,Yes,EWS
STU-1820,IIOT,2,4,8.29,91,Robotics Club,AI Engineer,No,
STU-1821,ME,2,4,5.59,88,Coding Club,Entrepreneur,No,
STU-1822,IT,1,1,8.78,78,Robotics Club,Robotics Engineer,Yes,Merit
STU-1823,ETC,2,4,7.09,67,Coding Club,AI Engineer,Yes,EWS
STU-1824,EC,3,6,9.01,65,Drama Club,Pilot,Yes,OBC
STU-1825,CT,1,1,9.35,64,Music Club,Software Engineer,Yes,ST
STU-1826,DS,2,3,8.8,64,Coding Club,Data Scientist,No,EWS
STU-1827,CT,4,8,8.15,90,Coding Club,Pilot,No,
STU-1828,EC,3,5,7.02,60,NSS,Software Engineer,Yes,Merit
STU-1829,CS,1,2,7.23,89,Sports Club,Entrepreneur,No,SC
STU-1830,ME,2,4,6.3,76,Music Club,Pilot,No,
STU-1831,EE,1,2,7.68,79,Coding Club,Professor,Yes,OBC
STU-1832,AI/ML,2,3,7.36,76,Robotics Club,Professor,Yes,OBC
STU-1833,ETC,1,1,8.19,63,NSS,Data Scientist,Yes,SC
STU-1834,ME,2,3,6.16,78,Photography Club,AI Engineer,Yes,Merit
STU-1835,DS,3,5,6.45,60,Coding Club,AI Engineer,No,Merit
STU-1836,DS,1,2,7.06,90,NSS,Data Scientist,No,OBC
STU-1837,RE,4,7,7.28,70,Robotics Club,Robotics Engineer,No,Merit
STU-1838,CE,3,5,8.1,92,Photography Club,Data Scientist,No,Merit
STU-1839,CE,4,8,9.8,63,Drama Club,Research Scientist,Yes,
STU-1840,RE,1,1,5.87,69,NCC,AI Engineer,No,EWS
STU-1841,RE,3,6,9.18,96,NSS,Professor,Yes,Merit
STU-1842,CE,1,2,8.96,92,NCC,Software Engineer,No,SC
STU-1843,IT,2,3,6.5,63,Robotics Club,Robotics Engineer,No,OBC
STU-1844,DS,1,2,6.77,83,NCC,AI Engineer,Yes,EWS
STU-1845,EC,1,1,5.87,86,Photography Club,Research Scientist,Yes,OBC
STU-1846,EE,2,4,9.39,91,Music Club,Robotics Engineer,Yes,OBC
STU-1847,IIOT,1,1,7.33,99,Music Club,Robotics Engineer,No,
STU-1848,IT,2,3,6.08,88,Sports Club,Professor,No,ST
STU-1849,ETC,3,6,6.1,73,Photography Club,Pilot,Yes,Merit
STU-1850,IT,4,8,9.76,94,Photography Club,Research Scientist,Yes,OBC
STU-1851,AE,1,1,8.0,68,NSS,Robotics Engineer,No,
STU-1852,RE,3,5,7.9,68,Music Club,Software Engineer,Yes,EWS
STU-1853,CE,1,2,5.95,85,NCC,Pilot,Yes,
STU-1854,IIOT,3,6,8.43,60,Sports Club,Research Scientist,Yes,ST
STU-1855,AI/ML,1,1,6.56,75,NSS,Professor,No,Merit
STU-1856,AE,1,2,6.0,85,Coding Club,AI Engineer,Yes,OBC
STU-1857,IIOT,4,8,6.06,62,Sports Club,Data Scientist,Yes,ST
STU-1858,AE,2,4,7.17,61,NCC,Research Scientist,No,EWS
STU-1859,IT,4,8,9.31,99,Drama Club,Research Scientist,No,
STU-1860,AI/ML,1,2,6.82,76,Sports Club,AI Engineer,Yes,OBC
STU-1861,IIOT,4,7,7.64,69,NCC,Robotics Engineer,No,Merit
STU-1862,ETC,4,8,6.2,100,Coding Club,AI Engineer,Yes,
STU-1863,AE,2,4,5.63,89,Robotics Club,Entrepreneur,No,SC
STU-1864,AE,3,6,9.75,61,Photography Club,Data Scientist,Yes,ST
STU-1865,AE,3,6,7.34,91,NCC,Research Scientist,No,Merit
STU-1866,CT,1,1,7.4,87,NCC,Research Scientist,No,ST
STU-1867,CT,2,3,6.36,80,Sports Club,Entrepreneur,Yes,OBC
STU-1868,EC,1,2,5.68,67,NCC,Data Scientist,Yes,OBC
STU-1869,AI/ML,2,3,7.36,92,NSS,AI Engineer,No,Merit
STU-1870,RE,3,6,5.67,83,NCC,Data Scientist,No,OBC
STU-1871,EC,4,7,5.53,62,Sports Club,Pilot,No,Merit
STU-1872,CS,2,3,9.46,69,Photography Club,Research Scientist,No,OBC
STU-1873,ME,3,5,5.67,88,Photography Club,Entrepreneur,No,SC
STU-1874,ETC,4,8,5.96,99,Drama Club,Professor,No,ST
STU-1875,EE,1,2,7.11,74,Robotics Club,Software Engineer,No,ST
STU-1876,AE,3,5,8.89,76,Photography Club,AI Engineer,No,SC
STU-1877,ME,4,8,9.55,70,NSS,AI Engineer,Yes,EWS
STU-1878,ME,4,7,7.75,91,Photography Club,Entrepreneur,No,OBC
STU-1879,DS,2,3,8.68,87,Photography Club,Data Scientist,Yes,OBC
STU-1880,CS,1,2,8.69,82,NSS,Entrepreneur,No,EWS
STU-1881,AE,2,3,9.43,68,NCC,Robotics Engineer,Yes,SC
STU-1882,AI/ML,1,2,6.95,80,Coding Club,Software Engineer,Yes,OBC
STU-1883,EE,2,3,9.41,92,Coding Club,Data Scientist,No,EWS
STU-1884,ME,2,3,7.98,71,Music Club,Entrepreneur,Yes,OBC
STU-1885,AE,1,1,6.14,65,Robotics Club,Professor,Yes,
STU-1886,EE,4,7,6.28,86,Drama Club,Software Engineer,No,SC
STU-1887,AI/ML,4,7,9.41,76,Photography Club,AI Engineer,No,SC
STU-1888,IIOT,4,7,7.06,66,Photography Club,Entrepreneur,Yes,Merit
STU-1889,CE,3,5,9.29,76,NCC,AI Engineer,Yes,ST
STU-1890,EC,1,2,6.19,83,Sports Club,Professor,Yes,OBC
STU-1891,ME,1,1,6.93,93,NCC,Pilot,No,ST
STU-1892,IIOT,1,1,7.24,92,NSS,Software Engineer,Yes,Merit
STU-1893,CE,4,7,8.73,66,Drama Club,Research Scientist,No,
STU-1894,EC,3,6,7.79,81,Photography Club,Professor,No,Merit
STU-1895,RE,2,4,7.68,71,Sports Club,Software Engineer,No,EWS
STU-1896,EE,3,5,8.9,93,NSS,Entrepreneur,Yes,OBC
STU-1897,EE,2,4,7.53,87,Robotics Club,Robotics Engineer,No,ST
STU-1898,CT,3,5,9.42,78,Robotics Club,Pilot,No,EWS
STU-1899,EC,1,1,6.74,75,Photography Club,Data Scientist,No,SC
STU-1900,DS,2,4,7.35,77,NSS,AI Engineer,No,Merit
STU-1901,ME,4,8,7.69,72,NCC,Data Scientist,Yes,Merit
STU-1902,AE,1,2,6.46,84,Sports Club,Robotics Engineer,No,ST
STU-1903,DS,1,2,8.36,85,NSS,Data Scientist,No,ST
STU-1904,IT,2,4,8.5,70,Photography Club,AI Engineer,Yes,
STU-1905,AI/ML,1,2,9.43,84,Drama Club,AI Engineer,Yes,
STU-1906,AI/ML,3,5,7.89,76,Sports Club,Data Scientist,No,EWS
STU-1907,IT,2,4,6.47,86,Music Club,Robotics Engineer,Yes,SC
STU-1908,AI/ML,3,5,7.76,74,Music Club,Robotics Engineer,No,OBC
STU-1909,DS,4,7,7.9,82,NCC,Data Scientist,Yes,
STU-1910,EE,1,1,5.76,91,Robotics Club,Professor,Yes,SC
STU-1911,IIOT,4,7,5.81,91,Drama Club,Software Engineer,Yes,EWS
STU-1912,AE,3,5,6.31,76,NSS,Pilot,Yes,ST
STU-1913,RE,4,7,6.61,72,Drama Club,Software Engineer,No,EWS
STU-1914,CE,4,7,9.15,84,Coding Club,Pilot,No,EWS
STU-1915,RE,2,4,8.59,63,Drama Club,Software Engineer,No,SC
STU-1916,ETC,1,2,9.5,90,Music Club,Entrepreneur,Yes,EWS
STU-1917,EC,3,6,7.09,61,Photography Club,Entrepreneur,Yes,EWS
STU-1918,ME,2,4,6.96,72,NCC,Pilot,Yes,
STU-1919,CT,3,6,5.71,72,NSS,Software Engineer,No,
STU-1920,RE,4,7,9.33,77,Drama Club,Professor,Yes,SC
STU-1921,IIOT,2,4,8.46,97,Music Club,AI Engineer,Yes,OBC
STU-1922,ME,1,2,8.53,92,Music Club,Pilot,No,
STU-1923,CS,1,2,7.43,71,Sports Club,Software Engineer,Yes,Merit
STU-1924,EC,2,4,6.72,79,Music Club,Research Scientist,Yes,SC
STU-1925,EE,1,2,8.19,94,Photography Club,Pilot,No,
STU-1926,ME,1,2,5.66,96,NSS,Pilot,No,
STU-1927,CS,1,1,8.19,88,NSS,Software Engineer,No,Merit
STU-1928,IIOT,1,1,8.76,61,Drama Club,Entrepreneur,Yes,ST
STU-1929,ETC,2,3,7.04,87,NCC,Robotics Engineer,Yes,Merit
STU-1930,DS,3,6,6.09,75,Music Club,Entrepreneur,Yes,
STU-1931,AE,2,3,6.98,70,Drama Club,Entrepreneur,No,Merit
STU-1932,ME,4,7,9.31,70,Music Club,Robotics Engineer,No,
STU-1933,EC,1,1,6.81,99,Photography Club,Robotics Engineer,Yes,Merit
STU-1934,EE,2,4,5.52,96,NSS,Research Scientist,Yes,SC
STU-1935,ETC,2,3,8.42,90,Music Club,Robotics Engineer,No,ST
STU-1936,EE,3,5,7.67,65,Sports Club,Data Scientist,Yes,EWS
STU-1937,AI/ML,4,7,6.75,86,Coding Club,Professor,No,SC
STU-1938,IT,3,6,9.6,78,Photography Club,Pilot,Yes,OBC
STU-1939,IIOT,4,8,8.43,90,Robotics Club,Entrepreneur,Yes,OBC
STU-1940,CE,2,4,6.68,99,Music Club,Entrepreneur,Yes,SC
STU-1941,CS,4,7,7.64,88,NSS,Research Scientist,No,OBC
STU-1942,AE,2,3,8.23,75,Drama Club,Professor,No,EWS
STU-1943,AI/ML,3,5,9.89,98,Sports Club,AI Engineer,No,OBC
STU-1944,IIOT,3,6,6.32,73,Sports Club,Data Scientist,Yes,Merit
STU-1945,CE,3,5,6.88,73,Coding Club,Robotics Engineer,No,OBC
STU-1946,AI/ML,1,1,6.32,92,Coding Club,Research Scientist,No,SC
STU-1947,CE,1,2,7.88,80,Sports Club,Research Scientist,Yes,
STU-1948,IT,1,2,7.13,91,Drama Club,Professor,No,SC
STU-1949,DS,4,8,8.8,99,Music Club,Robotics Engineer,Yes,Merit
STU-1950,AE,1,1,6.33,84,Music Club,Software Engineer,Yes,SC
STU-1951,CT,4,8,8.6,62,Robotics Club,Pilot,Yes,OBC
STU-1952,IIOT,3,5,6.2,90,Coding Club,AI Engineer,No,
STU-1953,EE,2,3,9.4,72,Drama Club,Software Engineer,No,Merit
STU-1954,AE,3,6,7.47,60,Coding Club,Research Scientist,No,OBC
STU-1955,EE,1,1,6.17,64,Coding Club,Research Scientist,Yes,OBC
STU-1956,ETC,2,4,6.44,60,NCC,Data Scientist,No,SC
STU-1957,ETC,1,2,9.82,81,NCC,AI Engineer,No,
STU-1958,AE,4,8,5.93,100,Music Club,Professor,Yes,ST
STU-1959,EE,2,4,6.17,92,Sports Club,AI Engineer,Yes,SC
STU-1960,RE,2,4,8.7,65,Drama Club,Robotics Engineer,No,EWS
STU-1961,EC,2,4,8.85,96,Sports Club,Robotics Engineer,Yes,Merit
STU-1962,EC,3,6,5.6,71,Coding Club,Pilot,No,ST
STU-1963,AI/ML,4,8,7.08,66,NCC,Professor,Yes,
STU-1964,CS,3,5,7.23,87,Sports Club,Data Scientist,Yes,ST
STU-1965,CS,4,8,9.49,72,Drama Club,Data Scientist,No,ST
STU-1966,IIOT,2,4,9.49,85,Coding Club,Robotics Engineer,Yes,
STU-1967,CS,3,5,7.01,83,NCC,Data Scientist,No,OBC
STU-1968,CT,4,8,8.58,92,Drama Club,AI Engineer,No,OBC
STU-1969,RE,1,1,7.73,93,NSS,Research Scientist,No,EWS
STU-1970,AE,4,7,7.27,95,Drama Club,Pilot,Yes,
STU-1971,AE,4,8,9.38,79,Photography Club,AI Engineer,No,
STU-1972,IT,3,5,7.21,78,Music Club,Entrepreneur,Yes,Merit
STU-1973,ME,4,8,7.97,66,NCC,AI Engineer,Yes,
STU-1974,CS,4,8,9.79,63,NSS,AI Engineer,No,SC
STU-1975,CS,3,6,8.11,77,Music Club,Professor,No,ST
STU-1976,EC,1,1,7.94,68,Robotics Club,AI Engineer,No,ST
STU-1977,EE,1,2,9.84,72,Music Club,Research Scientist,No,OBC
STU-1978,CS,2,4,6.73,79,Drama Club,Data Scientist,No,ST
STU-1979,ETC,4,8,7.43,87,Coding Club,Research Scientist,No,EWS
STU-1980,IT,3,5,8.91,85,Sports Club,AI Engineer,Yes,ST
STU-1981,CT,4,8,6.06,72,Photography Club,Software Engineer,Yes,EWS
STU-1982,DS,4,7,8.24,99,Drama Club,Software Engineer,No,ST
STU-1983,IT,4,7,8.45,89,Drama Club,Pilot,Yes,OBC
STU-1984,EC,3,6,9.25,88,Robotics Club,Pilot,Yes,Merit
STU-1985,RE,4,8,8.14,87,Photography Club,Research Scientist,No,OBC
STU-1986,CS,3,6,8.38,75,Drama Club,Pilot,No,
STU-1987,EE,4,8,9.84,74,NCC,Robotics Engineer,No,SC
STU-1988,RE,2,3,7.71,80,Sports Club,Pilot,Yes,
STU-1989,AE,4,7,8.74,62,Drama Club,Data Scientist,Yes,ST
STU-1990,CT,1,1,8.6,72,Sports Club,Robotics Engineer,Yes,Merit
STU-1991,EE,1,2,8.38,64,Robotics Club,Data Scientist,No,EWS
STU-1992,DS,4,7,8.96,60,Drama Club,Software Engineer,No,
STU-1993,ETC,4,8,7.22,100,Sports Club,Software Engineer,Yes,EWS
STU-1994,AI/ML,2,4,7.52,84,NSS,Software Engineer,Yes,SC
STU-1995,CT,3,6,7.06,97,NCC,Robotics Engineer,Yes,SC
STU-1996,EC,3,6,6.24,66,NCC,Software Engineer,No,Merit
STU-1997,EC,1,2,7.23,81,NCC,AI Engineer,Yes,SC
STU-1998,CS,3,6,7.86,66,NCC,Research Scientist,No,Merit
STU-1999,CS,3,5,8.28,75,Sports Club,Software Engineer,Yes,ST
STU-2000,EC,4,7,6.65,93,Robotics Club,Robotics Engineer,Yes,ST
STU-2001,DS,1,1,9.37,97,Drama Club,Software Engineer,Yes,SC
STU-2002,EC,2,4,7.96,67,Robotics Club,Entrepreneur,No,
STU-2003,CE,3,5,8.05,84,Drama Club,Professor,Yes,
STU-2004,EC,4,7,9.46,74,NSS,Professor,Yes,SC
STU-2005,EC,1,1,9.76,92,Coding Club,Software Engineer,No,OBC
STU-2006,CS,3,5,6.49,90,Music Club,Research Scientist,Yes,EWS
STU-2007,ETC,2,4,8.75,77,Photography Club,AI Engineer,Yes,SC
STU-2008,CE,4,8,6.63,88,NSS,Robotics Engineer,Yes,EWS
STU-2009,DS,2,4,6.59,89,NSS,Entrepreneur,Yes,Merit
STU-2010,AI/ML,4,8,9.72,89,Robotics Club,Research Scientist,No,OBC
STU-2011,IIOT,3,6,9.5,82,Music Club,Data Scientist,Yes,Merit
STU-2012,CT,3,6,6.4,66,Photography Club,Data Scientist,Yes,OBC
STU-2013,IIOT,4,8,8.59,85,NSS,Research Scientist,No,OBC
STU-2014,ETC,2,4,7.52,72,Drama Club,Professor,No,
STU-2015,EC,2,3,6.2,68,Music Club,Robotics Engineer,Yes,
STU-2016,CE,3,6,5.66,64,NSS,Research Scientist,Yes,Merit
STU-2017,AI/ML,1,2,9.45,64,Coding Club,Research Scientist,Yes,SC
STU-2018,EC,3,6,6.02,79,Drama Club,Professor,No,ST
STU-2019,ME,2,3,6.27,67,Drama Club,Entrepreneur,Yes,OBC
STU-2020,ETC,2,3,8.83,88,Robotics Club,Robotics Engineer,No,SC
STU-2021,IT,1,2,5.79,80,Photography Club,Software Engineer,Yes,Merit
STU-2022,ETC,3,6,6.94,71,Sports Club,Entrepreneur,No,Merit
STU-2023,EE,2,3,9.77,71,NSS,Entrepreneur,No,OBC
STU-2024,ETC,2,3,6.42,80,NCC,Research Scientist,Yes,
STU-2025,ETC,2,3,8.2,74,Music Club,Robotics Engineer,Yes,ST
STU-2026,ME,1,1,5.66,100,NCC,Robotics Engineer,Yes,
STU-2027,CS,3,5,6.95,91,Robotics Club,Research Scientist,No,OBC
STU-2028,DS,1,2,6.86,74,Photography Club,Entrepreneur,No,EWS
STU-2029,DS,3,6,9.04,85,Photography Club,Research Scientist,No,SC
STU-2030,IT,3,6,7.96,64,Sports Club,Data Scientist,No,Merit
STU-2031,EC,3,6,8.33,72,NSS,Research Scientist,No,Merit
STU-2032,AI/ML,2,3,9.39,93,Music Club,Professor,Yes,EWS
STU-2033,IT,1,1,6.65,76,NSS,Professor,No,ST
STU-2034,RE,4,8,5.75,72,Sports Club,AI Engineer,No,EWS
STU-2035,DS,2,4,8.39,75,Coding Club,AI Engineer,No,EWS
STU-2036,ETC,4,7,7.99,85,Photography Club,Robotics Engineer,Yes,Merit
STU-2037,DS,1,1,8.37,75,Robotics Club,Entrepreneur,Yes,
STU-2038,ME,2,3,6.49,84,Sports Club,Software Engineer,Yes,Merit
STU-2039,CS,3,6,9.75,67,NSS,Pilot,Yes,
STU-2040,EC,4,8,9.85,88,Robotics Club,Pilot,Yes,SC
STU-2041,IT,1,2,6.93,99,NSS,Entrepreneur,No,SC
STU-2042,ME,4,8,9.19,70,Sports Club,Robotics Engineer,No,
STU-2043,ME,1,1,5.97,88,NCC,Professor,No,ST
STU-2044,AE,3,6,6.1,87,Sports Club,AI Engineer,Yes,EWS
STU-2045,CS,2,4,6.86,81,Music Club,Professor,Yes,EWS
STU-2046,ETC,4,7,6.49,100,Drama Club,Software Engineer,No,Merit
STU-2047,IIOT,4,7,8.94,96,NSS,Entrepreneur,Yes,Merit
STU-2048,IIOT,1,1,7.77,80,NSS,Data Scientist,Yes,Merit
STU-2049,EE,3,6,7.22,100,Photography Club,Data Scientist,No,
STU-2050,AE,2,3,7.78,93,Photography Club,Data Scientist,Yes,SC
STU-2051,CT,4,8,5.93,92,Photography Club,Professor,Yes,Merit
STU-2052,CE,2,4,7.86,72,NCC,Software Engineer,Yes,
STU-2053,CT,2,4,6.06,84,Drama Club,Robotics Engineer,Yes,ST
STU-2054,IIOT,2,4,9.0,61,Robotics Club,Software Engineer,No,
STU-2055,EE,2,4,8.74,87,Photography Club,AI Engineer,No,ST
STU-2056,EE,1,1,8.62,64,Drama Club,AI Engineer,No,Merit
STU-2057,ME,4,7,9.07,69,NCC,Software Engineer,Yes,Merit
STU-2058,EC,2,4,7.82,60,NSS,Entrepreneur,Yes,OBC
STU-2059,EC,1,2,7.49,67,NCC,Professor,No,ST
STU-2060,ME,2,4,9.83,75,Sports Club,AI Engineer,No,Merit
STU-2061,ME,2,4,5.91,62,Drama Club,Robotics Engineer,No,OBC
STU-2062,CS,4,8,7.66,81,Drama Club,Entrepreneur,No,SC
STU-2063,ME,2,3,9.31,89,NSS,AI Engineer,Yes,OBC
STU-2064,IT,1,1,5.98,73,NSS,Research Scientist,Yes,SC
STU-2065,EE,2,3,8.46,99,Robotics Club,Entrepreneur,No,ST
STU-2066,ME,2,3,8.09,93,Music Club,Software Engineer,No,Merit
STU-2067,IIOT,2,3,7.15,66,Photography Club,Software Engineer,Yes,SC
STU-2068,EC,4,8,6.54,67,Coding Club,Professor,Yes,Merit
STU-2069,CE,3,6,9.6,89,Photography Club,AI Engineer,Yes,
STU-2070,CT,3,6,6.92,93,Robotics Club,Data Scientist,No,
STU-2071,RE,2,3,9.09,65,Music Club,Software Engineer,No,
STU-2072,EE,2,4,8.84,85,Robotics Club,AI Engineer,Yes,SC
STU-2073,ETC,3,6,8.71,79,Robotics Club,Research Scientist,Yes,
STU-2074,AE,3,6,5.88,71,NCC,Software Engineer,Yes,Merit
STU-2075,EE,2,4,7.91,74,Robotics Club,Professor,Yes,Merit
STU-2076,CE,2,4,7.35,95,Music Club,Professor,No,ST
STU-2077,CE,3,6,8.62,89,Sports Club,Software Engineer,No,SC
STU-2078,ETC,3,6,8.4,90,Music Club,AI Engineer,No,Merit
STU-2079,CT,1,2,8.36,82,Photography Club,Robotics Engineer,Yes,Merit
STU-2080,AE,2,3,9.52,96,Coding Club,Software Engineer,Yes,EWS
STU-2081,EC,3,5,5.97,64,NSS,Robotics Engineer,No,ST
STU-2082,AE,4,8,7.66,63,Coding Club,Software Engineer,Yes,EWS
STU-2083,IT,3,6,6.72,81,Photography Club,Research Scientist,No,ST
STU-2084,CT,3,5,7.91,92,Sports Club,Professor,Yes,
STU-2085,EC,4,7,8.96,81,Sports Club,Data Scientist,No,ST
STU-2086,EC,2,3,5.67,94,Photography Club,Professor,Yes,OBC
STU-2087,AI/ML,2,4,9.26,80,Photography Club,Professor,No,Merit
STU-2088,CE,1,1,7.33,76,NCC,Robotics Engineer,Yes,OBC
STU-2089,RE,2,4,6.52,61,Coding Club,Professor,No,EWS
STU-2090,CS,4,7,8.33,94,NSS,Software Engineer,No,OBC
STU-2091,CS,2,3,6.18,81,Photography Club,Entrepreneur,Yes,
STU-2092,ME,3,5,9.58,75,Coding Club,Entrepreneur,No,SC
STU-2093,ETC,2,3,7.26,67,NCC,Research Scientist,No,SC
STU-2094,CS,3,6,5.74,93,NCC,Data Scientist,Yes,SC
STU-2095,AE,1,2,6.74,73,Music Club,Research Scientist,No,Merit
STU-2096,AI/ML,2,4,6.25,81,NSS,Professor,No,OBC
STU-2097,IIOT,2,3,7.59,98,Sports Club,Robotics Engineer,No,ST
STU-2098,AI/ML,1,2,7.43,62,Coding Club,Pilot,Yes,Merit
STU-2099,AI/ML,3,6,8.23,63,Robotics Club,Pilot,No,Merit
STU-2100,ETC,1,2,9.1,84,NCC,Research Scientist,No,ST
STU-2101,ETC,1,2,9.64,75,Robotics Club,Research Scientist,No,EWS
STU-2102,AI/ML,1,1,7.87,70,Sports Club,Software Engineer,Yes,Merit
STU-2103,ETC,1,1,6.65,89,Robotics Club,Professor,No,SC
STU-2104,CS,3,5,6.05,82,Robotics Club,Software Engineer,No,SC
STU-2105,ME,3,5,7.18,97,Drama Club,Data Scientist,Yes,
STU-2106,EE,2,3,9.37,80,NCC,AI Engineer,Yes,EWS
STU-2107,CS,1,1,7.5,89,Drama Club,Entrepreneur,Yes,SC
STU-2108,AI/ML,2,4,9.02,77,Drama Club,Pilot,Yes,EWS
STU-2109,DS,3,6,9.64,66,Coding Club,Pilot,Yes,EWS
STU-2110,CS,4,7,6.86,82,Drama Club,Robotics Engineer,Yes,SC
STU-2111,IT,2,3,8.45,76,Photography Club,Data Scientist,No,ST
STU-2112,EE,4,7,6.64,91,Photography Club,AI Engineer,Yes,ST
STU-2113,IIOT,3,5,6.75,94,Drama Club,Pilot,No,ST
STU-2114,RE,4,7,8.67,75,Robotics Club,Data Scientist,Yes,
STU-2115,IT,1,2,6.49,83,NCC,Robotics Engineer,No,ST
STU-2116,DS,4,8,6.09,73,NSS,Entrepreneur,No,SC
STU-2117,DS,1,2,9.71,86,Sports Club,Software Engineer,Yes,ST
STU-2118,IT,1,1,7.55,76,Sports Club,Pilot,No,ST
STU-2119,CE,3,6,7.94,82,Robotics Club,Software Engineer,No,SC
STU-2120,EE,3,5,9.35,82,Sports Club,Data Scientist,Yes,OBC
STU-2121,ME,4,7,7.23,61,Robotics Club,Robotics Engineer,No,EWS
STU-2122,ETC,4,7,6.88,98,NSS,Research Scientist,Yes,Merit
STU-2123,AI/ML,1,1,9.39,93,Coding Club,Robotics Engineer,No,SC
STU-2124,AI/ML,4,7,6.17,84,Coding Club,Robotics Engineer,No,ST
STU-2125,DS,1,2,7.02,71,Robotics Club,Software Engineer,Yes,SC
STU-2126,ME,2,4,8.63,77,Music Club,Robotics Engineer,No,
STU-2127,RE,3,5,8.8,86,Photography Club,Pilot,No,OBC
STU-2128,CS,1,1,8.08,79,Photography Club,AI Engineer,No,EWS
STU-2129,AI/ML,2,4,8.96,92,Sports Club,AI Engineer,Yes,ST
STU-2130,IIOT,1,1,8.74,79,Photography Club,Software Engineer,Yes,
STU-2131,EE,1,2,6.63,81,Music Club,Data Scientist,No,SC
STU-2132,CE,4,8,6.89,86,Sports Club,Pilot,Yes,EWS
STU-2133,AE,2,3,8.49,88,Drama Club,Robotics Engineer,Yes,EWS
STU-2134,ME,3,6,7.0,75,Music Club,Research Scientist,Yes,OBC
STU-2135,ME,3,5,5.52,94,Sports Club,Software Engineer,No,ST
STU-2136,ETC,1,2,5.76,61,Music Club,Robotics Engineer,No,ST
STU-2137,IT,4,8,6.66,82,NCC,AI Engineer,Yes,EWS
STU-2138,CE,2,3,9.65,85,Music Club,Pilot,No,Merit
STU-2139,CT,4,8,6.01,93,NSS,Research Scientist,Yes,ST
STU-2140,CT,1,1,8.23,80,Music Club,Research Scientist,Yes,EWS
STU-2141,AI/ML,4,8,6.89,63,NSS,Research Scientist,Yes,OBC
STU-2142,CS,2,4,7.51,100,NSS,Pilot,No,OBC
STU-2143,DS,2,3,6.65,77,Photography Club,AI Engineer,No,EWS
STU-2144,AE,4,7,5.66,68,Drama Club,Pilot,Yes,Merit
STU-2145,CS,3,5,6.95,85,NCC,Research Scientist,Yes,ST
STU-2146,DS,3,6,7.28,92,Sports Club,Pilot,Yes,Merit
STU-2147,IT,4,7,5.83,92,NCC,Professor,Yes,Merit
STU-2148,AE,2,4,9.34,68,Drama Club,Research Scientist,No,SC
STU-2149,EE,1,1,8.84,89,Music Club,Pilot,No,Merit
STU-2150,EE,4,8,8.43,77,Sports Club,AI Engineer,No,Merit
STU-2151,ME,4,7,6.38,94,Photography Club,Professor,Yes,Merit
STU-2152,EE,4,7,6.42,81,Drama Club,Research Scientist,Yes,ST
STU-2153,IT,2,4,8.62,92,Music Club,Research Scientist,Yes,OBC
STU-2154,CT,2,3,5.71,70,Sports Club,Pilot,No,Merit
STU-2155,RE,4,8,7.71,85,NCC,AI Engineer,Yes,EWS
STU-2156,RE,4,7,8.27,88,Music Club,Research Scientist,Yes,SC
STU-2157,IIOT,4,8,6.05,80,Music Club,Entrepreneur,No,SC
STU-2158,EC,2,4,6.3,84,NSS,Robotics Engineer,Yes,Merit
STU-2159,CS,4,7,9.51,61,Coding Club,Robotics Engineer,Yes,Merit
STU-2160,AI/ML,3,5,6.7,71,Sports Club,Pilot,Yes,Merit
STU-2161,IIOT,1,2,5.93,60,Sports Club,Research Scientist,Yes,SC
STU-2162,CE,2,3,9.23,86,Music Club,AI Engineer,Yes,SC
STU-2163,DS,1,1,7.91,62,Robotics Club,Research Scientist,No,Merit
STU-2164,ETC,3,5,7.1,70,NSS,Research Scientist,No,OBC
STU-2165,CE,1,1,6.69,75,Music Club,Professor,No,ST
STU-2166,AI/ML,2,4,7.65,82,Photography Club,Research Scientist,No,SC
STU-2167,AI/ML,2,4,6.65,84,Music Club,Research Scientist,Yes,SC
STU-2168,DS,3,6,9.49,80,Photography Club,Data Scientist,No,OBC
STU-2169,ME,3,5,5.75,67,Drama Club,Pilot,Yes,OBC
STU-2170,RE,3,6,8.16,66,Sports Club,Professor,No,OBC
STU-2171,DS,1,1,5.5,92,Robotics Club,Robotics Engineer,No,EWS
STU-2172,RE,4,7,8.33,77,Drama Club,Professor,No,OBC
STU-2173,EC,4,7,9.21,62,Sports Club,Data Scientist,Yes,OBC
STU-2174,CS,2,4,7.0,88,Photography Club,Pilot,No,SC
STU-2175,CE,3,5,7.91,74,Robotics Club,Data Scientist,No,EWS
STU-2176,IIOT,3,5,7.21,87,NCC,AI Engineer,Yes,SC
STU-2177,CE,4,7,6.93,72,Music Club,AI Engineer,Yes,Merit
STU-2178,CE,1,2,6.19,86,Drama Club,Research Scientist,Yes,Merit
STU-2179,DS,1,2,7.39,73,NSS,AI Engineer,No,EWS
STU-2180,AI/ML,2,3,8.88,96,Music Club,Robotics Engineer,Yes,OBC
STU-2181,DS,1,1,6.01,91,Drama Club,Data Scientist,No,OBC
STU-2182,EE,4,8,8.64,86,NCC,Data Scientist,No,ST
STU-2183,DS,1,1,7.15,70,Coding Club,Robotics Engineer,Yes,ST
STU-2184,CT,2,3,5.98,83,Photography Club,Software Engineer,Yes,Merit
STU-2185,EE,2,3,6.01,100,NSS,Professor,No,SC
STU-2186,IIOT,4,7,6.07,82,Sports Club,Robotics Engineer,Yes,Merit
STU-2187,DS,3,5,9.08,84,Drama Club,Data Scientist,No,SC
STU-2188,IIOT,2,3,6.39,65,Sports Club,Software Engineer,Yes,OBC
STU-2189,IIOT,3,5,7.57,67,Coding Club,Entrepreneur,No,EWS
STU-2190,DS,4,8,8.95,61,Sports Club,AI Engineer,No,ST
STU-2191,ETC,1,1,6.01,64,NCC,Robotics Engineer,No,OBC
STU-2192,CE,2,3,8.9,75,Sports Club,Software Engineer,No,ST
STU-2193,IIOT,3,6,8.1,93,Sports Club,Professor,No,SC
STU-2194,CT,4,8,7.95,86,Coding Club,Research Scientist,Yes,Merit
STU-2195,CE,4,8,6.11,63,Drama Club,Entrepreneur,No,
STU-2196,DS,3,5,6.19,63,Coding Club,Professor,Yes,SC
STU-2197,IT,4,7,5.78,89,Drama Club,AI Engineer,Yes,OBC
STU-2198,EC,2,3,7.24,73,Drama Club,Software Engineer,Yes,
STU-2199,RE,3,6,6.4,99,NCC,Entrepreneur,Yes,EWS
STU-2200,CE,3,6,9.9,73,NCC,Software Engineer,No,Merit
STU-2201,EC,2,3,8.88,90,Coding Club,Entrepreneur,Yes,EWS
STU-2202,ETC,2,4,8.24,72,Music Club,Professor,Yes,ST
STU-2203,ETC,4,8,6.95,87,NCC,Data Scientist,Yes,
STU-2204,CE,2,4,9.15,92,Music Club,Professor,No,ST
STU-2205,RE,2,4,7.79,98,Robotics Club,Software Engineer,No,OBC
STU-2206,CS,4,7,8.15,88,Drama Club,Research Scientist,Yes,ST
STU-2207,IT,3,5,9.58,99,Drama Club,AI Engineer,No,Merit
STU-2208,EC,2,3,5.72,79,Photography Club,Pilot,Yes,ST
STU-2209,CS,3,6,6.38,98,Drama Club,Data Scientist,Yes,
STU-2210,CT,1,2,8.62,95,NSS,Software Engineer,No,ST
STU-2211,CS,1,1,8.68,81,Sports Club,Professor,No,
STU-2212,AE,2,4,8.38,91,Photography Club,Data Scientist,No,SC
STU-2213,CT,4,8,8.12,68,NCC,Data Scientist,No,ST
STU-2214,IT,2,4,7.69,89,Robotics Club,Software Engineer,Yes,
STU-2215,RE,3,6,8.31,91,NSS,Professor,No,SC
STU-2216,ETC,3,5,7.83,82,Photography Club,Research Scientist,Yes,ST
STU-2217,CT,4,7,6.72,68,Coding Club,Software Engineer,Yes,EWS
STU-2218,CT,1,1,8.45,65,Drama Club,Robotics Engineer,No,SC
STU-2219,CT,4,7,7.57,71,Photography Club,Entrepreneur,No,Merit
STU-2220,ETC,3,6,8.94,89,NSS,Entrepreneur,Yes,SC
STU-2221,IT,1,2,7.89,78,NSS,AI Engineer,Yes,Merit
STU-2222,RE,3,6,8.8,97,Photography Club,AI Engineer,No,EWS
STU-2223,IT,1,1,8.17,98,Robotics Club,Software Engineer,Yes,ST
STU-2224,AI/ML,1,1,5.99,96,Coding Club,Robotics Engineer,Yes,OBC
STU-2225,EC,2,4,9.12,65,NCC,Pilot,No,EWS
STU-2226,EC,2,3,8.77,93,Coding Club,AI Engineer,Yes,OBC
STU-2227,IIOT,2,3,8.85,84,NSS,Research Scientist,No,SC
STU-2228,EE,1,1,7.4,66,Sports Club,AI Engineer,No,
STU-2229,IT,4,7,6.62,65,Music Club,Research Scientist,No,Merit
STU-2230,CE,4,7,7.4,93,NSS,Entrepreneur,No,SC
STU-2231,ME,3,5,6.24,78,NSS,Research Scientist,No,SC
STU-2232,AI/ML,4,7,6.96,91,Music Club,Software Engineer,Yes,OBC
STU-2233,IIOT,4,8,6.27,95,Robotics Club,AI Engineer,Yes,ST
STU-2234,CT,2,3,5.68,66,NCC,Data Scientist,Yes,EWS
STU-2235,EC,3,6,7.71,94,Robotics Club,Software Engineer,No,EWS
STU-2236,AE,2,3,8.93,75,Drama Club,Research Scientist,No,OBC
STU-2237,DS,4,8,9.33,67,Music Club,Research Scientist,Yes,SC
STU-2238,CT,4,8,8.45,75,Music Club,AI Engineer,No,ST
STU-2239,RE,1,2,7.91,76,Music Club,Robotics Engineer,No,OBC
STU-2240,EC,1,1,6.35,100,Music Club,Pilot,Yes,
STU-2241,CT,3,6,6.28,70,Sports Club,Professor,No,SC
STU-2242,AE,4,8,5.88,69,Drama Club,Professor,Yes,Merit
STU-2243,IIOT,3,6,8.63,87,Photography Club,Entrepreneur,Yes,SC
STU-2244,IIOT,1,1,9.02,63,NSS,Robotics Engineer,Yes,EWS
STU-2245,CT,1,1,7.05,83,Coding Club,Professor,Yes,Merit
STU-2246,CT,4,8,7.86,64,NCC,Software Engineer,Yes,SC
STU-2247,DS,3,6,6.17,80,NCC,AI Engineer,No,Merit
STU-2248,AE,2,3,7.25,94,Photography Club,Software Engineer,No,OBC
STU-2249,EC,3,5,6.44,70,Music Club,Professor,Yes,ST
STU-2250,ME,4,8,5.73,64,Robotics Club,Robotics Engineer,Yes,SC
STU-2251,CE,2,4,5.58,78,Music Club,Professor,No,Merit
STU-2252,IT,1,1,9.7,67,Sports Club,Software Engineer,No,EWS
STU-2253,AE,2,4,6.49,81,Sports Club,Entrepreneur,No,ST
STU-2254,DS,2,4,7.35,62,Photography Club,Research Scientist,No,Merit
STU-2255,IT,2,3,7.9,74,NSS,AI Engineer,Yes,OBC
STU-2256,IIOT,3,5,6.17,61,Photography Club,Pilot,Yes,EWS
STU-2257,AI/ML,2,3,7.39,82,Music Club,Research Scientist,No,SC
STU-2258,DS,1,1,7.12,98,NCC,AI Engineer,No,EWS
STU-2259,EE,1,2,9.17,91,Photography Club,Entrepreneur,Yes,ST
STU-2260,EC,2,3,9.4,61,Drama Club,Data Scientist,Yes,
STU-2261,RE,3,6,8.61,78,Drama Club,Professor,Yes,Merit
STU-2262,CE,4,7,9.5,95,Drama Club,Robotics Engineer,Yes,ST
STU-2263,IT,2,4,9.69,64,NCC,Software Engineer,Yes,SC
STU-2264,CE,3,6,9.75,95,NSS,Pilot,No,SC
STU-2265,AE,4,8,6.28,61,NSS,Software Engineer,No,EWS
STU-2266,EC,3,5,5.94,90,Robotics Club,Professor,No,OBC
STU-2267,ME,3,5,6.16,86,Photography Club,Robotics Engineer,Yes,Merit
STU-2268,CS,3,6,9.23,79,Robotics Club,Data Scientist,No,SC
STU-2269,AE,4,7,6.53,73,Sports Club,Research Scientist,No,EWS
STU-2270,AE,3,5,7.48,69,NCC,Data Scientist,No,EWS
STU-2271,IIOT,3,6,7.11,75,Photography Club,Software Engineer,No,Merit
STU-2272,EE,2,4,6.24,91,NCC,AI Engineer,Yes,SC
STU-2273,AI/ML,3,6,6.84,91,Photography Club,AI Engineer,Yes,SC
STU-2274,EE,1,2,6.3,80,Robotics Club,Professor,Yes,Merit
STU-2275,ETC,4,8,6.9,71,NSS,Entrepreneur,No,OBC
STU-2276,CE,2,3,7.7,62,Sports Club,Pilot,No,
STU-2277,EC,2,3,5.69,68,Robotics Club,Pilot,No,
STU-2278,DS,2,3,9.72,76,Drama Club,Pilot,No,EWS
STU-2279,EC,1,1,6.15,62,Music Club,Software Engineer,No,EWS
STU-2280,AE,4,8,8.63,95,NSS,Entrepreneur,Yes,EWS
STU-2281,IIOT,4,7,6.07,82,NSS,AI Engineer,Yes,
STU-2282,IT,4,8,7.66,96,Photography Club,Entrepreneur,No,
STU-2283,AE,1,1,8.46,97,Coding Club,Professor,No,ST
STU-2284,ME,1,1,8.24,60,NSS,Data Scientist,No,
STU-2285,DS,2,4,7.45,66,Photography Club,Software Engineer,Yes,EWS
STU-2286,AI/ML,3,5,7.74,82,Drama Club,Data Scientist,No,SC
STU-2287,RE,4,7,9.05,76,Music Club,Entrepreneur,Yes,SC
STU-2288,CS,3,6,6.87,77,NSS,Professor,Yes,ST
STU-2289,EE,2,3,5.6,76,Drama Club,Robotics Engineer,Yes,EWS
STU-2290,RE,4,7,9.51,97,Music Club,Research Scientist,Yes,EWS
STU-2291,IIOT,4,7,7.63,89,Robotics Club,Data Scientist,No,ST
STU-2292,AE,1,2,7.8,79,Drama Club,Robotics Engineer,Yes,ST
STU-2293,CS,4,8,7.31,76,Coding Club,Entrepreneur,Yes,Merit
STU-2294,IIOT,2,3,9.85,76,NCC,Data Scientist,Yes,
STU-2295,RE,1,1,5.89,99,Photography Club,Research Scientist,No,OBC
STU-2296,ME,3,5,6.61,95,Drama Club,Professor,No,OBC
STU-2297,CS,1,1,5.6,82,Drama Club,Research Scientist,No,OBC
STU-2298,AI/ML,3,6,7.07,88,Drama Club,AI Engineer,Yes,EWS
STU-2299,AE,2,4,7.25,94,Sports Club,Professor,Yes,
STU-2300,AE,2,4,6.41,94,Drama Club,Entrepreneur,No,Merit
STU-2301,DS,1,2,7.25,72,Music Club,Pilot,No,
STU-2302,CE,1,1,8.76,80,Robotics Club,Entrepreneur,Yes,Merit
STU-2303,CS,1,1,5.67,64,Sports Club,Data Scientist,No,ST
STU-2304,AE,1,2,7.83,77,NSS,Professor,Yes,SC
STU-2305,RE,4,7,9.05,80,Coding Club,Robotics Engineer,Yes,OBC
STU-2306,CT,2,3,9.57,66,Music Club,Data Scientist,Yes,SC
STU-2307,RE,2,4,8.53,93,Music Club,Professor,Yes,Merit
STU-2308,AE,3,5,9.15,83,Photography Club,AI Engineer,Yes,OBC
STU-2309,IT,1,1,6.16,68,Sports Club,Robotics Engineer,Yes,OBC
STU-2310,CT,2,4,9.23,74,Drama Club,Entrepreneur,No,SC
STU-2311,IT,4,7,5.53,89,NCC,AI Engineer,No,SC
STU-2312,AI/ML,2,3,9.63,71,Music Club,Data Scientist,Yes,OBC
STU-2313,AI/ML,1,1,8.67,90,NSS,AI Engineer,Yes,Merit
STU-2314,CS,2,3,8.77,87,Drama Club,Data Scientist,No,OBC
STU-2315,CS,4,8,5.7,66,NSS,Entrepreneur,Yes,EWS
STU-2316,EE,2,3,9.22,99,Coding Club,Professor,Yes,Merit
STU-2317,ETC,4,7,6.33,98,NSS,Professor,Yes,OBC
STU-2318,AI/ML,3,5,5.83,68,NSS,Data Scientist,No,
STU-2319,RE,1,1,9.09,82,Drama Club,Research Scientist,Yes,OBC
STU-2320,IIOT,2,3,8.08,76,NSS,Data Scientist,Yes,SC
STU-2321,CT,4,7,9.14,84,Robotics Club,AI Engineer,Yes,
STU-2322,CE,2,4,7.5,97,Sports Club,Research Scientist,Yes,ST
STU-2323,CS,3,6,5.59,73,Coding Club,Robotics Engineer,Yes,OBC
STU-2324,RE,4,7,5.57,100,NSS,Research Scientist,Yes,
STU-2325,AI/ML,1,1,6.56,91,Photography Club,Data Scientist,No,EWS
STU-2326,AE,2,4,7.89,65,Drama Club,Entrepreneur,Yes,OBC
STU-2327,AI/ML,2,3,7.03,82,Sports Club,Pilot,Yes,EWS
STU-2328,EC,1,2,8.04,74,Drama Club,AI Engineer,Yes,ST
STU-2329,CE,4,7,6.76,79,Drama Club,Data Scientist,Yes,EWS
STU-2330,CE,2,3,7.28,97,Coding Club,Entrepreneur,Yes,ST
STU-2331,ETC,4,7,8.54,83,Drama Club,Software Engineer,Yes,Merit
STU-2332,AE,2,4,8.24,89,Coding Club,Professor,No,OBC
STU-2333,CS,2,4,8.97,71,Coding Club,Professor,No,
STU-2334,RE,1,1,7.5,90,NCC,Research Scientist,No,Merit
STU-2335,CS,4,7,6.87,83,Drama Club,Professor,Yes,ST
STU-2336,IIOT,4,8,8.98,89,Sports Club,Pilot,Yes,
STU-2337,RE,4,8,6.78,64,Drama Club,Robotics Engineer,No,ST
STU-2338,CS,4,7,9.06,69,NCC,AI Engineer,No,EWS
STU-2339,CE,3,6,8.49,79,Coding Club,Pilot,Yes,
STU-2340,CE,3,6,7.95,80,NSS,Professor,No,SC
STU-2341,AE,2,3,8.56,71,Coding Club,Data Scientist,No,ST
STU-2342,IIOT,1,1,6.51,88,Sports Club,Data Scientist,Yes,
STU-2343,EC,2,4,8.36,63,NCC,Robotics Engineer,No,SC
STU-2344,CT,3,5,9.27,85,Drama Club,AI Engineer,No,
STU-2345,AE,3,5,5.74,65,NCC,Research Scientist,Yes,Merit
STU-2346,ETC,2,3,6.3,66,Coding Club,Entrepreneur,No,SC
STU-2347,AE,2,3,8.73,76,Coding Club,Pilot,Yes,
STU-2348,ETC,3,6,7.0,87,NSS,AI Engineer,No,OBC
STU-2349,AE,1,2,9.71,72,Music Club,Entrepreneur,No,ST
STU-2350,AE,2,4,6.45,63,NSS,Professor,Yes,ST
STU-2351,CS,2,4,9.64,92,Music Club,Pilot,Yes,Merit
STU-2352,RE,1,2,5.89,87,Music Club,Data Scientist,Yes,EWS
STU-2353,CS,2,3,9.4,66,Coding Club,AI Engineer,No,ST
STU-2354,CT,2,3,5.57,99,Coding Club,Pilot,No,Merit
STU-2355,EC,2,4,9.28,88,NSS,Research Scientist,No,SC
STU-2356,RE,4,8,6.65,79,NCC,Data Scientist,Yes,ST
STU-2357,CT,1,2,7.35,72,NSS,Research Scientist,Yes,
STU-2358,AI/ML,1,1,5.53,80,NCC,Robotics Engineer,Yes,SC
STU-2359,CS,1,1,9.14,63,Sports Club,Research Scientist,No,OBC
STU-2360,ME,4,7,5.77,91,Photography Club,Pilot,No,ST
STU-2361,CE,3,5,5.66,99,Music Club,Data Scientist,Yes,ST
STU-2362,DS,2,3,5.6,67,Music Club,Professor,No,SC
STU-2363,ETC,1,2,6.89,98,NCC,Software Engineer,No,SC
STU-2364,DS,3,6,7.29,83,Coding Club,Entrepreneur,No,ST
STU-2365,EE,4,7,6.38,60,Photography Club,AI Engineer,Yes,SC
STU-2366,DS,4,7,8.5,99,NCC,Professor,No,Merit
STU-2367,IIOT,4,8,5.63,74,Sports Club,Data Scientist,No,OBC
STU-2368,CS,4,8,8.27,100,Photography Club,Entrepreneur,No,Merit
STU-2369,CT,1,1,6.24,78,Robotics Club,Entrepreneur,No,
STU-2370,CT,4,7,6.4,81,Music Club,Pilot,Yes,EWS
STU-2371,EE,1,1,6.49,95,Drama Club,Entrepreneur,No,EWS
STU-2372,RE,4,8,7.44,66,NCC,Data Scientist,No,EWS
STU-2373,RE,2,3,6.98,70,Drama Club,Professor,No,OBC
STU-2374,ETC,2,4,7.14,82,NSS,Robotics Engineer,No,Merit
STU-2375,EE,2,3,7.16,97,Robotics Club,Professor,Yes,EWS
STU-2376,ETC,3,6,9.62,69,Drama Club,Software Engineer,No,ST
STU-2377,IIOT,4,7,7.89,77,Photography Club,Software Engineer,No,EWS
STU-2378,CS,2,4,8.47,82,Coding Club,Entrepreneur,Yes,SC
STU-2379,RE,1,1,7.69,98,NSS,Robotics Engineer,Yes,
STU-2380,IIOT,3,5,7.16,91,Photography Club,Data Scientist,Yes,Merit
STU-2381,AI/ML,4,8,7.43,76,Music Club,Pilot,Yes,
STU-2382,CT,3,6,9.67,84,Drama Club,Professor,Yes,Merit
STU-2383,AE,3,6,5.97,83,NCC,AI Engineer,No,Merit
STU-2384,AE,4,8,8.09,96,Drama Club,Professor,Yes,OBC
STU-2385,AI/ML,2,3,6.13,80,Photography Club,Data Scientist,Yes,
STU-2386,AI/ML,4,8,9.3,71,NSS,Entrepreneur,No,
STU-2387,IT,2,4,6.73,70,NSS,Data Scientist,No,EWS
STU-2388,IIOT,1,1,6.93,96,Sports Club,Data Scientist,Yes,SC
STU-2389,CE,1,2,7.21,63,Sports Club,Pilot,Yes,OBC
STU-2390,ETC,3,5,7.26,68,Coding Club,Professor,Yes,SC
STU-2391,ETC,4,7,9.26,83,Music Club,Robotics Engineer,Yes,
STU-2392,AI/ML,1,2,8.09,67,Sports Club,Software Engineer,No,ST
STU-2393,IT,1,2,6.5,92,NSS,Pilot,No,OBC
STU-2394,RE,4,8,7.37,64,Drama Club,AI Engineer,No,SC
STU-2395,CT,2,4,7.64,60,Photography Club,Research Scientist,Yes,Merit
STU-2396,DS,1,1,7.43,85,Sports Club,Pilot,No,
STU-2397,DS,3,5,8.87,74,Sports Club,Pilot,No,Merit
STU-2398,DS,3,5,5.57,99,NSS,AI Engineer,No,Merit
STU-2399,DS,3,5,9.69,100,Photography Club,Research Scientist,Yes,
STU-2400,EE,3,5,5.6,85,Coding Club,Research Scientist,No,Merit
STU-2401,CT,3,5,8.5,98,Robotics Club,Research Scientist,No,OBC
STU-2402,ME,2,3,8.58,62,NSS,Research Scientist,No,ST
STU-2403,CS,2,3,9.18,94,NCC,Software Engineer,No,OBC
STU-2404,DS,2,3,5.79,96,Robotics Club,Pilot,No,EWS
STU-2405,AE,1,2,8.21,76,NCC,Software Engineer,No,Merit
STU-2406,EE,4,7,9.44,64,Photography Club,AI Engineer,Yes,EWS
STU-2407,ME,4,8,9.31,97,NCC,Research Scientist,Yes,OBC
STU-2408,IIOT,1,2,8.14,64,NSS,Software Engineer,Yes,
STU-2409,CE,2,4,9.07,89,Robotics Club,AI Engineer,No,EWS
STU-2410,RE,1,2,8.57,83,Robotics Club,Entrepreneur,Yes,OBC
STU-2411,AE,1,1,6.6,84,NCC,Professor,No,OBC
STU-2412,RE,1,2,8.59,70,Music Club,Software Engineer,Yes,SC
STU-2413,ETC,4,8,7.08,93,Sports Club,AI Engineer,Yes,ST
STU-2414,EE,2,4,7.62,72,Sports Club,Data Scientist,Yes,OBC
STU-2415,EE,1,1,8.12,74,Coding Club,Pilot,No,ST
STU-2416,ME,2,3,8.82,64,NCC,Professor,No,SC
STU-2417,CS,4,7,9.65,66,NCC,AI Engineer,Yes,SC
STU-2418,DS,4,7,6.7,87,Coding Club,Software Engineer,Yes,
STU-2419,EC,2,3,8.56,77,NSS,Entrepreneur,No,Merit
STU-2420,CS,3,6,9.36,69,Photography Club,Research Scientist,No,EWS
STU-2421,RE,1,2,7.47,88,NCC,Software Engineer,Yes,EWS
STU-2422,RE,4,8,8.17,82,NCC,Pilot,Yes,SC
STU-2423,RE,4,7,9.43,69,Music Club,AI Engineer,Yes,SC
STU-2424,CE,2,4,8.9,71,NSS,Professor,No,Merit
STU-2425,IT,2,4,9.33,75,Photography Club,Data Scientist,No,OBC
STU-2426,DS,1,2,7.75,87,Drama Club,Data Scientist,Yes,Merit
STU-2427,EC,4,8,7.79,74,Robotics Club,Software Engineer,No,SC
STU-2428,CT,4,8,5.61,70,Robotics Club,Software Engineer,No,EWS
STU-2429,EC,1,2,8.4,85,Coding Club,Pilot,No,
STU-2430,ETC,1,1,8.94,94,Photography Club,Data Scientist,No,ST
STU-2431,EC,3,5,9.23,61,Photography Club,Software Engineer,Yes,EWS
STU-2432,CE,4,7,8.99,69,Photography Club,AI Engineer,No,
STU-2433,EE,1,1,5.98,96,NCC,Pilot,Yes,Merit
STU-2434,ETC,4,8,8.09,92,Coding Club,Robotics Engineer,Yes,OBC
STU-2435,CE,3,6,9.69,77,Coding Club,Pilot,Yes,
STU-2436,CE,1,2,7.38,75,Photography Club,AI Engineer,Yes,Merit
STU-2437,CS,2,4,7.63,61,Coding Club,Entrepreneur,Yes,Merit
STU-2438,EE,3,6,8.21,80,Photography Club,Pilot,No,
STU-2439,CS,3,5,9.7,69,Robotics Club,Entrepreneur,Yes,Merit
STU-2440,IT,1,2,6.99,75,Sports Club,Pilot,No,
STU-2441,IT,1,2,7.03,84,NCC,AI Engineer,Yes,OBC
STU-2442,CS,1,2,9.8,100,Music Club,Professor,Yes,OBC
STU-2443,ME,2,4,9.6,90,Photography Club,Data Scientist,Yes,SC
STU-2444,CS,2,4,7.51,61,Music Club,Data Scientist,Yes,EWS
STU-2445,CS,4,7,6.5,60,Robotics Club,Data Scientist,No,
STU-2446,AI/ML,3,6,6.66,80,Drama Club,AI Engineer,Yes,Merit
STU-2447,CE,3,6,7.75,72,Music Club,Software Engineer,Yes,Merit
STU-2448,CE,3,6,6.37,99,Photography Club,Data Scientist,Yes,SC
STU-2449,EC,4,7,6.54,99,Music Club,Professor,Yes,SC
STU-2450,DS,4,7,9.68,84,Robotics Club,Data Scientist,No,ST
STU-2451,CE,3,5,7.38,70,Coding Club,Research Scientist,Yes,EWS
STU-2452,EC,3,5,6.27,86,NCC,Software Engineer,Yes,OBC
STU-2453,IT,3,5,8.94,69,Robotics Club,Pilot,No,SC
STU-2454,EC,4,8,6.67,91,NSS,Software Engineer,Yes,
STU-2455,CE,2,3,9.54,76,Drama Club,Research Scientist,No,Merit
STU-2456,AE,4,8,9.76,82,Music Club,Research Scientist,Yes,EWS
STU-2457,CS,3,6,8.44,79,Music Club,Robotics Engineer,No,EWS
STU-2458,ME,4,7,8.45,62,Sports Club,Software Engineer,Yes,Merit
STU-2459,ME,3,5,6.6,88,Coding Club,AI Engineer,No,
STU-2460,RE,3,6,8.5,83,Drama Club,Professor,Yes,
STU-2461,CT,3,6,8.77,95,Drama Club,Professor,Yes,
STU-2462,RE,2,3,6.97,75,Coding Club,Robotics Engineer,Yes,
STU-2463,CT,4,8,7.02,70,Coding Club,Software Engineer,Yes,ST
STU-2464,DS,3,6,7.05,94,Robotics Club,Data Scientist,Yes,ST
STU-2465,CT,3,6,6.89,72,NSS,Research Scientist,No,SC
STU-2466,CE,2,4,6.19,98,NSS,Pilot,No,EWS
STU-2467,IIOT,1,1,7.47,61,Coding Club,AI Engineer,No,SC
STU-2468,CT,1,1,7.33,69,Coding Club,Entrepreneur,Yes,ST
STU-2469,IIOT,2,4,7.53,60,Robotics Club,Data Scientist,No,SC
STU-2470,CT,4,7,9.72,97,Robotics Club,Pilot,No,Merit
STU-2471,IT,1,2,5.54,90,Coding Club,AI Engineer,No,EWS
STU-2472,IIOT,3,6,7.43,82,NCC,Robotics Engineer,Yes,ST
STU-2473,EE,2,3,8.34,63,Sports Club,Professor,No,ST
STU-2474,ETC,2,4,5.82,67,Coding Club,Robotics Engineer,Yes,SC
STU-2475,CT,4,7,7.75,93,Sports Club,Data Scientist,No,EWS
STU-2476,CE,3,6,5.83,96,Photography Club,Software Engineer,Yes,SC
STU-2477,ETC,1,1,9.46,77,Coding Club,Robotics Engineer,Yes,SC
STU-2478,ETC,3,6,7.71,78,Photography Club,Entrepreneur,No,SC
STU-2479,AE,2,4,9.26,94,Drama Club,Entrepreneur,Yes,Merit
STU-2480,ETC,2,3,9.69,87,Music Club,Software Engineer,Yes,EWS
STU-2481,CT,2,4,9.46,98,Robotics Club,Pilot,No,SC
STU-2482,IT,2,4,8.75,98,NCC,Robotics Engineer,Yes,
STU-2483,CE,4,8,5.62,98,Drama Club,Research Scientist,Yes,ST
STU-2484,DS,2,3,6.84,97,Robotics Club,Software Engineer,No,EWS
STU-2485,ETC,2,3,6.4,60,Coding Club,Research Scientist,Yes,OBC
STU-2486,ETC,4,8,5.68,65,NCC,Professor,Yes,ST
STU-2487,AI/ML,3,6,7.63,88,Music Club,Robotics Engineer,Yes,ST
STU-2488,ETC,3,5,8.23,84,NSS,Robotics Engineer,No,EWS
STU-2489,DS,2,3,9.88,72,Robotics Club,Data Scientist,Yes,EWS
STU-2490,RE,1,1,9.0,62,Drama Club,Robotics Engineer,No,
STU-2491,IT,3,5,6.26,87,NSS,Software Engineer,No,
STU-2492,IIOT,4,8,9.56,67,NCC,AI Engineer,No,EWS
STU-2493,RE,3,5,6.54,61,Sports Club,Robotics Engineer,No,EWS
STU-2494,EE,3,6,9.11,82,NCC,Professor,No,SC
STU-2495,AI/ML,4,7,8.63,94,Coding Club,Robotics Engineer,No,
STU-2496,IT,4,7,9.15,73,Photography Club,Research Scientist,Yes,OBC
STU-2497,DS,3,5,9.58,70,Sports Club,Software Engineer,Yes,Merit
STU-2498,AE,4,7,6.17,90,Coding Club,AI Engineer,No,
STU-2499,EC,1,2,7.72,62,Robotics Club,AI Engineer,No,ST
STU-2500,EC,1,1,6.03,99,Photography Club,Data Scientist,No,
STU-2501,CE,3,5,6.94,76,NCC,Software Engineer,No,ST
STU-2502,IT,3,6,7.35,85,NCC,AI Engineer,Yes,EWS
STU-2503,EE,4,7,7.81,69,NSS,Entrepreneur,No,SC
STU-2504,ME,4,8,9.56,74,Drama Club,Data Scientist,No,
STU-2505,EE,3,5,9.23,88,NCC,Entrepreneur,No,ST
STU-2506,DS,3,6,6.79,83,NSS,Research Scientist,No,EWS
STU-2507,AI/ML,3,5,5.63,78,NCC,Entrepreneur,Yes,
STU-2508,ME,2,4,7.92,90,Robotics Club,Software Engineer,No,SC
STU-2509,EC,2,4,7.16,94,Photography Club,AI Engineer,No,OBC
STU-2510,RE,1,2,5.83,60,Robotics Club,Research Scientist,Yes,EWS
STU-2511,EC,2,3,6.83,100,Coding Club,Data Scientist,Yes,
STU-2512,AI/ML,1,2,6.94,69,Photography Club,Software Engineer,No,Merit
STU-2513,AI/ML,1,1,7.25,82,Music Club,Data Scientist,No,OBC
STU-2514,IIOT,2,3,5.51,68,Photography Club,Entrepreneur,Yes,SC
STU-2515,CT,3,6,9.43,63,NCC,Research Scientist,No,OBC
STU-2516,EE,4,7,6.08,61,NSS,Software Engineer,Yes,EWS
STU-2517,EC,1,2,7.14,88,Photography Club,Research Scientist,No,Merit
STU-2518,ETC,3,6,5.6,92,Robotics Club,Pilot,No,EWS
STU-2519,EC,3,5,7.45,83,Sports Club,AI Engineer,No,SC
STU-2520,CT,3,5,8.29,83,Drama Club,Data Scientist,Yes,Merit
STU-2521,RE,1,2,6.93,65,Robotics Club,Research Scientist,Yes,Merit
STU-2522,AI/ML,4,7,8.72,88,Photography Club,Data Scientist,No,Merit
STU-2523,IIOT,4,8,7.3,89,NSS,Pilot,No,OBC
STU-2524,ETC,4,8,9.81,62,Music Club,Pilot,Yes,EWS
STU-2525,CS,3,6,9.3,69,Drama Club,Professor,Yes,OBC
STU-2526,IIOT,2,3,6.45,60,Music Club,Software Engineer,No,OBC
STU-2527,CS,1,1,8.45,94,Robotics Club,Research Scientist,No,EWS
STU-2528,AI/ML,1,2,7.5,75,NCC,Research Scientist,Yes,SC
STU-2529,DS,3,6,8.27,90,Drama Club,Robotics Engineer,No,Merit
STU-2530,ME,2,4,5.7,90,Photography Club,AI Engineer,No,OBC
STU-2531,RE,3,5,7.0,87,Photography Club,Robotics Engineer,No,OBC
STU-2532,IIOT,4,7,9.57,73,NCC,Software Engineer,No,EWS
STU-2533,RE,2,3,5.77,74,Robotics Club,Research Scientist,No,ST
STU-2534,CE,3,6,8.15,95,Drama Club,Robotics Engineer,Yes,ST
STU-2535,ETC,3,5,7.34,100,NCC,Professor,Yes,OBC
STU-2536,IIOT,1,1,8.9,92,Sports Club,Robotics Engineer,No,EWS
STU-2537,AE,4,7,5.85,76,NSS,Research Scientist,Yes,Merit
STU-2538,ETC,2,4,8.08,82,Photography Club,Robotics Engineer,Yes,OBC
STU-2539,CE,2,3,9.53,61,NCC,Research Scientist,Yes,OBC
STU-2540,ME,4,8,8.75,96,Photography Club,Research Scientist,No,
STU-2541,DS,1,1,6.24,90,NCC,Pilot,Yes,Merit
STU-2542,DS,4,7,5.86,90,Drama Club,Pilot,No,SC
STU-2543,CE,2,3,8.04,62,Drama Club,Entrepreneur,Yes,
STU-2544,CS,1,2,5.85,100,Photography Club,Research Scientist,Yes,OBC
STU-2545,ME,2,3,9.16,96,Sports Club,Robotics Engineer,No,EWS
STU-2546,CS,3,5,6.14,63,Sports Club,Software Engineer,No,SC
STU-2547,DS,1,2,6.81,97,Coding Club,Software Engineer,No,ST
STU-2548,RE,3,5,6.87,62,Sports Club,Professor,No,OBC
STU-2549,RE,4,8,7.49,60,Sports Club,Professor,Yes,Merit
STU-2550,AE,3,5,8.18,85,NCC,Entrepreneur,Yes,OBC
STU-2551,AE,3,5,6.85,60,Robotics Club,AI Engineer,No,
STU-2552,EC,4,8,5.67,72,NCC,Robotics Engineer,No,SC
STU-2553,DS,2,3,6.99,73,NCC,Entrepreneur,No,SC
STU-2554,IIOT,3,5,8.56,62,NCC,Data Scientist,No,OBC
STU-2555,CT,1,1,9.21,82,Sports Club,Pilot,No,
STU-2556,EC,1,2,9.11,85,Sports Club,AI Engineer,No,SC
STU-2557,CE,3,6,6.08,67,Robotics Club,AI Engineer,Yes,Merit
STU-2558,AE,2,3,8.9,68,Coding Club,Research Scientist,Yes,SC
STU-2559,ME,2,3,7.46,90,NSS,Data Scientist,No,ST
STU-2560,IIOT,3,6,9.51,67,Sports Club,Professor,No,SC
STU-2561,EC,4,7,9.42,81,Robotics Club,Software Engineer,Yes,
STU-2562,RE,3,6,7.52,63,Coding Club,Entrepreneur,Yes,OBC
STU-2563,AE,4,8,9.35,64,Music Club,Entrepreneur,No,
STU-2564,DS,1,1,8.39,82,NSS,Robotics Engineer,No,
STU-2565,ME,2,4,9.4,87,NCC,Pilot,No,SC
STU-2566,IT,3,5,5.89,88,Music Club,Robotics Engineer,Yes,
STU-2567,DS,3,6,6.62,79,Music Club,Data Scientist,Yes,OBC
STU-2568,EC,3,6,8.1,65,Music Club,Software Engineer,Yes,OBC
STU-2569,ME,1,2,9.78,78,NCC,Software Engineer,Yes,OBC
STU-2570,IT,4,8,7.91,83,Drama Club,Professor,No,Merit
STU-2571,ME,4,7,9.1,79,Robotics Club,Professor,Yes,
STU-2572,EC,3,6,7.69,71,NCC,AI Engineer,Yes,SC
STU-2573,CE,1,1,8.13,79,Drama Club,Research Scientist,Yes,OBC
STU-2574,IT,3,5,6.02,87,Drama Club,Entrepreneur,Yes,ST
STU-2575,CS,4,7,9.84,79,Music Club,Entrepreneur,No,Merit
STU-2576,ETC,4,7,8.72,88,Photography Club,Entrepreneur,Yes,EWS
STU-2577,IT,2,3,9.42,100,NSS,Professor,Yes,EWS
STU-2578,RE,1,2,9.68,61,Coding Club,Data Scientist,No,
STU-2579,CS,4,7,7.59,69,NSS,AI Engineer,No,SC
STU-2580,CE,2,4,5.68,87,Sports Club,Professor,Yes,
STU-2581,DS,2,3,6.08,70,NCC,Research Scientist,Yes,
STU-2582,CT,3,5,8.79,69,Robotics Club,Professor,Yes,ST
STU-2583,AE,1,1,6.01,78,NCC,Research Scientist,No,EWS
STU-2584,CS,1,2,9.27,95,Coding Club,Pilot,No,
STU-2585,RE,4,8,6.9,81,NCC,Professor,Yes,
STU-2586,CS,3,6,7.05,85,Robotics Club,Data Scientist,No,Merit
STU-2587,DS,4,8,5.86,91,NSS,AI Engineer,No,EWS
STU-2588,IT,2,3,6.31,62,Photography Club,Robotics Engineer,Yes,EWS
STU-2589,EE,3,6,8.62,60,Robotics Club,Pilot,No,Merit
STU-2590,IIOT,2,3,5.75,73,Coding Club,Research Scientist,Yes,Merit
STU-2591,CS,2,4,6.34,79,Drama Club,Entrepreneur,No,OBC
STU-2592,DS,3,6,6.37,88,Coding Club,AI Engineer,Yes,EWS
STU-2593,RE,2,3,5.51,87,NCC,Robotics Engineer,No,ST
STU-2594,IIOT,3,5,8.41,88,Photography Club,Entrepreneur,Yes,EWS
STU-2595,IT,4,8,5.84,68,Drama Club,Robotics Engineer,No,OBC
STU-2596,DS,4,8,9.31,92,Robotics Club,Pilot,No,EWS
STU-2597,IT,3,5,7.73,76,NSS,AI Engineer,No,SC
STU-2598,CE,1,1,9.42,87,Photography Club,Software Engineer,Yes,ST
STU-2599,DS,1,1,8.72,100,NCC,Pilot,No,
STU-2600,RE,3,5,7.53,84,Drama Club,Software Engineer,No,Merit
STU-2601,DS,3,5,8.05,87,Drama Club,Pilot,No,
STU-2602,DS,4,7,7.79,65,Music Club,Pilot,No,
STU-2603,AE,3,6,8.5,76,Music Club,AI Engineer,Yes,EWS
STU-2604,CT,1,1,6.93,60,Photography Club,Robotics Engineer,Yes,EWS
STU-2605,DS,2,4,7.46,76,Sports Club,Entrepreneur,Yes,SC
STU-2606,RE,2,3,9.62,100,Drama Club,Pilot,Yes,SC
STU-2607,AE,2,3,8.87,61,Photography Club,Research Scientist,No,
STU-2608,ME,1,1,7.17,89,Music Club,Research Scientist,Yes,OBC
STU-2609,AE,1,1,7.72,84,Photography Club,AI Engineer,Yes,ST
STU-2610,AI/ML,3,5,6.2,77,Music Club,Entrepreneur,No,OBC
STU-2611,IIOT,1,1,7.64,83,NSS,Pilot,Yes,Merit
STU-2612,IT,4,8,9.63,91,NCC,Entrepreneur,Yes,EWS
STU-2613,IT,4,8,9.09,85,Robotics Club,AI Engineer,Yes,Merit
STU-2614,DS,2,3,7.15,76,Music Club,Professor,Yes,SC
STU-2615,IIOT,2,3,9.74,88,Drama Club,Pilot,No,SC
STU-2616,EE,1,2,6.43,62,Photography Club,Professor,Yes,SC
STU-2617,RE,1,2,9.82,76,Photography Club,AI Engineer,Yes,EWS
STU-2618,ETC,3,6,7.74,88,Robotics Club,Professor,Yes,Merit
STU-2619,CS,3,5,7.31,70,NSS,Professor,Yes,
STU-2620,AE,3,6,6.87,86,Coding Club,AI Engineer,Yes,Merit
STU-2621,CT,4,8,7.22,74,Sports Club,Pilot,Yes,Merit
STU-2622,EE,3,5,7.93,73,Sports Club,Data Scientist,No,EWS
STU-2623,IT,1,2,9.62,68,Coding Club,Research Scientist,No,OBC
STU-2624,IIOT,4,8,7.76,94,Drama Club,AI Engineer,No,Merit
STU-2625,CS,3,5,7.89,65,Music Club,Entrepreneur,Yes,EWS
STU-2626,ME,4,7,6.85,75,NSS,Robotics Engineer,Yes,Merit
STU-2627,RE,4,7,5.68,70,Drama Club,AI Engineer,No,
STU-2628,CT,4,7,6.77,98,Drama Club,Software Engineer,No,
STU-2629,AE,1,2,9.17,93,Music Club,Robotics Engineer,Yes,ST
STU-2630,CT,3,5,7.22,93,Music Club,Pilot,No,
STU-2631,DS,3,5,8.78,71,NCC,Software Engineer,No,Merit
STU-2632,EC,1,1,5.72,96,Sports Club,Professor,No,OBC
STU-2633,AI/ML,3,5,8.99,72,Sports Club,Pilot,Yes,ST
STU-2634,EC,1,1,8.4,83,Drama Club,Professor,Yes,SC
STU-2635,CS,1,2,5.79,70,Photography Club,Data Scientist,No,OBC
STU-2636,AE,2,4,9.74,66,Robotics Club,Pilot,No,OBC
STU-2637,AI/ML,2,3,8.2,92,NCC,Data Scientist,No,ST
STU-2638,ME,1,1,9.85,66,Robotics Club,Research Scientist,No,OBC
STU-2639,CE,1,1,7.61,73,NSS,Research Scientist,Yes,OBC
STU-2640,EE,1,1,9.25,80,NCC,Research Scientist,No,
STU-2641,IIOT,1,1,6.06,83,Robotics Club,Research Scientist,Yes,SC
STU-2642,IIOT,2,3,7.13,82,Drama Club,AI Engineer,Yes,ST
STU-2643,RE,4,8,6.99,93,Coding Club,Professor,Yes,
STU-2644,CE,2,3,9.32,64,Robotics Club,Entrepreneur,No,ST
STU-2645,AE,3,6,6.43,94,Drama Club,AI Engineer,Yes,OBC
STU-2646,CE,4,7,8.86,80,Music Club,Robotics Engineer,No,
STU-2647,IT,3,5,8.12,72,Drama Club,AI Engineer,No,OBC
STU-2648,EC,3,6,8.95,75,NCC,Professor,Yes,
STU-2649,EE,1,2,8.78,99,Photography Club,Robotics Engineer,No,Merit
STU-2650,RE,4,8,7.25,70,Coding Club,Professor,Yes,OBC
STU-2651,CT,1,1,6.61,69,Sports Club,Research Scientist,No,
STU-2652,EC,2,3,5.66,90,Robotics Club,Research Scientist,Yes,
STU-2653,ETC,4,8,9.34,77,Sports Club,Software Engineer,Yes,EWS
STU-2654,ME,3,6,7.63,81,Drama Club,Research Scientist,No,
STU-2655,CS,3,5,8.3,83,Music Club,Software Engineer,No,OBC
STU-2656,IT,3,6,8.37,76,Music Club,Robotics Engineer,Yes,ST
STU-2657,IT,3,6,7.22,84,Photography Club,Software Engineer,Yes,Merit
STU-2658,DS,2,3,7.67,98,NCC,AI Engineer,Yes,
STU-2659,ETC,1,2,5.66,96,NSS,Robotics Engineer,Yes,ST
STU-2660,ETC,2,4,8.19,96,Photography Club,AI Engineer,No,SC
STU-2661,ETC,2,3,8.2,84,Drama Club,Data Scientist,No,EWS
STU-2662,AI/ML,4,8,7.81,100,Robotics Club,Professor,No,ST
STU-2663,RE,3,6,6.39,89,Coding Club,Entrepreneur,Yes,
STU-2664,CS,2,4,8.66,72,Coding Club,AI Engineer,Yes,ST
STU-2665,ETC,1,2,6.68,95,Coding Club,Research Scientist,Yes,EWS
STU-2666,CS,1,2,6.81,70,Robotics Club,Data Scientist,Yes,
STU-2667,AI/ML,1,2,6.74,91,NCC,Entrepreneur,No,
STU-2668,EE,1,2,6.11,94,Music Club,Software Engineer,Yes,
STU-2669,ME,2,3,9.63,95,Robotics Club,Data Scientist,No,SC
STU-2670,IIOT,1,2,6.77,60,Music Club,Robotics Engineer,Yes,
STU-2671,CS,1,1,5.71,97,Music Club,Entrepreneur,Yes,Merit
STU-2672,ETC,2,4,6.94,68,NSS,Pilot,Yes,EWS
STU-2673,IIOT,3,5,7.8,97,Sports Club,AI Engineer,Yes,EWS
STU-2674,IIOT,3,6,6.9,92,Coding Club,Professor,Yes,
STU-2675,IIOT,4,7,8.53,93,Sports Club,Data Scientist,No,
STU-2676,IIOT,1,2,6.62,63,Photography Club,Data Scientist,Yes,EWS
STU-2677,IT,1,2,9.53,89,NSS,Research Scientist,Yes,EWS
STU-2678,AI/ML,2,4,7.0,66,Robotics Club,Pilot,No,
STU-2679,EE,2,3,8.3,90,Drama Club,Research Scientist,No,ST
STU-2680,CE,4,8,8.74,83,Sports Club,Entrepreneur,Yes,EWS
STU-2681,AI/ML,3,5,7.56,62,Music Club,Entrepreneur,Yes,Merit
STU-2682,CT,3,6,7.07,67,Photography Club,Pilot,No,SC
STU-2683,ETC,3,5,8.62,76,NCC,Pilot,No,OBC
STU-2684,ETC,4,7,8.33,83,NCC,Entrepreneur,No,SC
STU-2685,RE,1,1,9.87,88,NSS,Research Scientist,Yes,Merit
STU-2686,ME,4,7,8.82,62,Coding Club,Software Engineer,Yes,OBC
STU-2687,IIOT,2,4,9.38,66,Photography Club,Research Scientist,Yes,Merit
STU-2688,IIOT,1,2,8.28,80,Coding Club,AI Engineer,Yes,
STU-2689,IIOT,1,2,5.74,65,Coding Club,Robotics Engineer,Yes,SC
STU-2690,DS,3,5,9.1,80,Robotics Club,Research Scientist,Yes,SC
STU-2691,DS,2,3,6.78,78,Robotics Club,Software Engineer,No,OBC
STU-2692,EC,2,4,9.12,87,Music Club,Data Scientist,No,SC
STU-2693,IT,2,3,8.32,98,Music Club,Software Engineer,Yes,EWS
STU-2694,CT,3,5,6.35,95,NSS,Professor,Yes,ST
STU-2695,CS,2,3,6.85,94,Coding Club,Research Scientist,Yes,ST
STU-2696,IIOT,1,1,8.79,85,Drama Club,Entrepreneur,No,SC
STU-2697,ETC,1,1,7.72,75,NCC,Pilot,No,OBC
STU-2698,IT,3,6,5.69,66,Drama Club,Professor,Yes,Merit
STU-2699,RE,3,6,6.02,82,Music Club,Research Scientist,Yes,EWS
STU-2700,CE,2,3,7.47,75,Drama Club,Professor,Yes,ST
STU-2701,DS,2,4,5.99,78,Photography Club,Professor,Yes,EWS
STU-2702,AE,4,8,9.39,92,Coding Club,Pilot,No,EWS
STU-2703,AE,4,8,8.52,77,NSS,Software Engineer,Yes,
STU-2704,RE,2,3,6.84,65,NCC,Robotics Engineer,Yes,OBC
STU-2705,ETC,3,6,6.12,74,Photography Club,AI Engineer,No,SC
STU-2706,EE,2,3,8.7,97,Coding Club,AI Engineer,Yes,Merit
STU-2707,CT,1,1,6.04,65,Photography Club,Data Scientist,Yes,EWS
STU-2708,AI/ML,1,2,6.38,92,NCC,Professor,Yes,Merit
STU-2709,DS,2,4,7.47,65,Photography Club,AI Engineer,Yes,SC
STU-2710,ETC,2,3,8.01,61,Drama Club,Data Scientist,No,SC
STU-2711,EE,1,1,9.23,62,Photography Club,Software Engineer,Yes,
STU-2712,CS,4,7,5.89,72,Sports Club,Pilot,No,ST
STU-2713,AE,2,4,8.67,87,Music Club,Software Engineer,No,Merit
STU-2714,IT,1,2,7.4,67,NSS,Professor,Yes,OBC
STU-2715,IIOT,3,5,6.05,83,Drama Club,Entrepreneur,Yes,
STU-2716,IIOT,3,6,6.79,87,Drama Club,AI Engineer,Yes,EWS
STU-2717,IIOT,1,2,9.25,78,Music Club,Professor,No,ST
STU-2718,DS,4,8,6.32,80,Sports Club,AI Engineer,No,
STU-2719,CS,1,2,7.42,69,Sports Club,Research Scientist,Yes,OBC
STU-2720,CS,4,8,9.41,65,Coding Club,Entrepreneur,No,EWS
STU-2721,RE,2,4,7.19,92,NSS,Professor,No,
STU-2722,ME,3,6,6.91,71,Coding Club,Robotics Engineer,No,
STU-2723,CS,3,5,8.68,76,Music Club,Research Scientist,No,Merit
STU-2724,CT,2,4,9.46,76,NCC,Research Scientist,Yes,OBC
STU-2725,AI/ML,4,7,8.57,84,Drama Club,Entrepreneur,No,Merit
STU-2726,ME,4,7,7.42,69,Music Club,AI Engineer,No,EWS
STU-2727,CE,2,3,5.97,80,Photography Club,Entrepreneur,No,ST
STU-2728,RE,1,2,8.71,89,Coding Club,AI Engineer,No,SC
STU-2729,AE,3,5,6.77,81,Sports Club,Robotics Engineer,No,
STU-2730,DS,2,4,6.2,67,NCC,Data Scientist,Yes,
STU-2731,ME,2,3,6.95,100,NCC,Data Scientist,Yes,OBC
STU-2732,IT,1,2,5.54,75,Robotics Club,Entrepreneur,No,SC
STU-2733,CE,4,7,9.59,60,Sports Club,Research Scientist,No,Merit
STU-2734,IT,1,2,8.17,94,Sports Club,Professor,Yes,SC
STU-2735,AE,1,2,5.82,73,Coding Club,Pilot,Yes,ST
STU-2736,ME,1,2,9.56,100,Music Club,Data Scientist,Yes,OBC
STU-2737,CS,1,1,7.39,85,Robotics Club,Research Scientist,No,ST
STU-2738,ETC,1,1,8.53,67,Sports Club,Professor,No,SC
STU-2739,EC,4,8,7.07,95,Robotics Club,Entrepreneur,Yes,
STU-2740,EE,3,5,7.0,93,Music Club,Robotics Engineer,No,OBC
STU-2741,IT,4,8,7.91,95,Sports Club,Professor,No,ST
STU-2742,RE,3,5,6.68,78,NCC,Entrepreneur,Yes,ST
STU-2743,IIOT,2,4,6.54,84,NCC,Professor,No,SC
STU-2744,CT,3,5,8.01,93,Drama Club,Professor,No,Merit
STU-2745,RE,4,7,7.6,84,Photography Club,AI Engineer,Yes,Merit
STU-2746,EE,2,4,5.67,67,Coding Club,AI Engineer,No,ST
STU-2747,EC,1,1,6.12,88,Sports Club,Pilot,No,EWS
STU-2748,DS,4,8,5.66,98,Photography Club,Research Scientist,No,EWS
STU-2749,EC,3,6,6.99,72,Music Club,Research Scientist,No,
STU-2750,DS,4,8,9.71,70,Photography Club,Robotics Engineer,Yes,ST
STU-2751,EC,1,2,7.27,95,Sports Club,Data Scientist,Yes,
STU-2752,CT,3,5,6.98,61,Coding Club,AI Engineer,Yes,OBC
STU-2753,CS,4,7,7.0,78,NSS,AI Engineer,Yes,EWS
STU-2754,RE,4,8,8.82,79,Robotics Club,AI Engineer,No,
STU-2755,ME,2,4,8.38,73,Coding Club,Data Scientist,Yes,
STU-2756,CT,1,2,5.63,98,Robotics Club,Entrepreneur,No,Merit
STU-2757,RE,3,6,9.21,82,Photography Club,Research Scientist,Yes,
STU-2758,IIOT,2,3,9.56,77,NCC,Software Engineer,Yes,EWS
STU-2759,CE,2,3,6.99,73,NSS,Data Scientist,No,SC
STU-2760,EE,3,5,9.49,81,Photography Club,Entrepreneur,No,Merit
STU-2761,AE,2,3,6.38,84,Drama Club,Data Scientist,No,EWS
STU-2762,EC,3,6,8.5,79,Robotics Club,Entrepreneur,No,Merit
STU-2763,AE,3,6,7.7,98,Robotics Club,Data Scientist,No,Merit
STU-2764,AI/ML,2,4,8.21,93,Sports Club,Research Scientist,Yes,SC
STU-2765,EE,3,5,7.98,97,Robotics Club,Research Scientist,No,
STU-2766,AE,2,4,7.8,80,Drama Club,AI Engineer,No,SC
STU-2767,CE,1,1,9.08,84,Photography Club,Robotics Engineer,Yes,OBC
STU-2768,IT,2,4,6.62,78,Photography Club,Pilot,Yes,Merit
STU-2769,IIOT,3,6,6.96,86,Drama Club,Software Engineer,No,OBC
STU-2770,ME,3,6,7.87,97,Drama Club,Software Engineer,Yes,SC
STU-2771,DS,4,7,7.66,94,Coding Club,Professor,No,SC
STU-2772,AE,4,7,7.51,60,Music Club,Research Scientist,No,
STU-2773,AI/ML,3,6,6.75,84,Photography Club,Research Scientist,Yes,OBC
STU-2774,CT,2,4,8.97,83,Robotics Club,AI Engineer,Yes,EWS
STU-2775,CT,4,7,7.69,86,NCC,Entrepreneur,No,Merit
STU-2776,EE,1,1,9.14,66,NSS,Software Engineer,Yes,
STU-2777,EE,4,8,5.71,93,NSS,AI Engineer,Yes,ST
STU-2778,ME,4,8,6.53,69,Drama Club,Robotics Engineer,Yes,
STU-2779,DS,2,3,8.76,100,Robotics Club,Professor,Yes,Merit
STU-2780,AE,1,2,6.46,88,Coding Club,Professor,Yes,OBC
STU-2781,ETC,3,5,7.46,70,Music Club,Robotics Engineer,Yes,EWS
STU-2782,IT,2,3,9.46,84,NSS,Professor,Yes,Merit
STU-2783,ME,4,8,7.78,90,Photography Club,AI Engineer,No,SC
STU-2784,EC,2,3,6.78,98,Coding Club,Entrepreneur,No,EWS
STU-2785,CS,2,4,5.6,76,Photography Club,Data Scientist,No,OBC
STU-2786,ME,2,3,9.03,67,NCC,Entrepreneur,Yes,ST
STU-2787,CE,1,2,6.76,66,Sports Club,Data Scientist,No,ST
STU-2788,EC,1,2,6.56,94,Photography Club,Pilot,Yes,SC
STU-2789,CE,2,3,8.31,97,Photography Club,Entrepreneur,Yes,SC
STU-2790,RE,4,8,6.32,67,Sports Club,Robotics Engineer,No,Merit
STU-2791,AI/ML,1,2,6.61,81,Coding Club,Entrepreneur,No,OBC
STU-2792,CT,3,6,6.22,69,Photography Club,Robotics Engineer,No,OBC
STU-2793,ME,1,1,9.42,85,NCC,Entrepreneur,No,OBC
STU-2794,IT,1,1,7.05,76,Sports Club,Robotics Engineer,No,Merit
STU-2795,EE,3,5,8.07,79,Coding Club,Software Engineer,Yes,
STU-2796,AE,3,6,6.78,89,Sports Club,Data Scientist,Yes,
STU-2797,IIOT,1,1,8.4,86,NCC,Software Engineer,Yes,OBC
STU-2798,CT,3,5,6.44,62,Photography Club,Professor,Yes,OBC
STU-2799,CE,3,6,7.81,75,Robotics Club,Professor,Yes,
STU-2800,CE,1,1,7.1,78,Photography Club,Robotics Engineer,No,
STU-2801,ETC,1,1,7.58,68,Music Club,Software Engineer,No,ST
STU-2802,AI/ML,4,8,8.14,100,Sports Club,Professor,Yes,EWS
STU-2803,AE,2,4,7.83,68,NCC,Data Scientist,No,Merit
STU-2804,ETC,3,5,7.1,64,Sports Club,Robotics Engineer,No,Merit
STU-2805,ETC,3,6,7.88,84,Drama Club,Research Scientist,No,Merit
STU-2806,ETC,4,8,8.62,60,NCC,Entrepreneur,No,Merit
STU-2807,IT,1,2,8.71,61,Sports Club,Professor,No,OBC
STU-2808,AI/ML,4,8,9.37,93,Photography Club,Entrepreneur,Yes,Merit
STU-2809,IIOT,2,4,7.47,63,NCC,Robotics Engineer,Yes,SC
STU-2810,CE,2,4,9.8,63,Music Club,Pilot,Yes,ST
STU-2811,IIOT,4,7,8.17,95,Sports Club,Pilot,Yes,Merit
STU-2812,ME,4,7,7.02,100,Drama Club,Pilot,No,EWS
STU-2813,EC,2,3,5.8,72,Robotics Club,Entrepreneur,Yes,ST
STU-2814,EC,3,6,9.15,68,Music Club,Professor,No,OBC
STU-2815,ETC,1,2,8.97,88,NCC,Research Scientist,Yes,Merit
STU-2816,CE,2,4,7.5,80,Music Club,Pilot,Yes,ST
STU-2817,IIOT,4,7,5.82,84,Drama Club,Robotics Engineer,Yes,OBC
STU-2818,RE,2,3,5.54,90,NSS,AI Engineer,Yes,
STU-2819,AE,2,4,9.03,81,Coding Club,AI Engineer,Yes,
STU-2820,IIOT,4,7,5.8,86,Coding Club,Data Scientist,No,Merit
STU-2821,IT,1,2,8.86,67,Photography Club,Pilot,Yes,EWS
STU-2822,IIOT,3,5,8.68,70,NCC,Software Engineer,Yes,OBC
STU-2823,CT,1,2,6.65,89,Music Club,Robotics Engineer,No,ST
STU-2824,IIOT,1,2,8.85,95,Robotics Club,Research Scientist,Yes,SC
STU-2825,CE,2,4,9.89,96,NSS,Entrepreneur,Yes,SC
STU-2826,IIOT,1,1,6.18,94,Robotics Club,Pilot,No,Merit
STU-2827,EE,3,6,6.03,96,Photography Club,Professor,No,OBC
STU-2828,DS,4,8,9.11,83,Drama Club,Research Scientist,No,ST
STU-2829,DS,4,8,6.32,93,Drama Club,Research Scientist,No,OBC
STU-2830,IT,2,3,5.98,92,Coding Club,Software Engineer,No,Merit
STU-2831,CE,2,4,5.92,82,Robotics Club,Data Scientist,Yes,Merit
STU-2832,CE,2,3,8.19,100,NCC,Data Scientist,No,SC
STU-2833,ETC,2,4,6.98,93,Photography Club,Research Scientist,Yes,Merit
STU-2834,AI/ML,3,6,6.06,61,NSS,Entrepreneur,No,OBC
STU-2835,RE,4,8,8.59,69,Photography Club,Entrepreneur,Yes,EWS
STU-2836,EC,1,1,5.74,89,Music Club,Professor,Yes,ST
STU-2837,CT,1,2,9.34,69,Music Club,Research Scientist,No,
STU-2838,ME,4,7,8.67,91,Sports Club,Pilot,No,EWS
STU-2839,EE,4,7,8.0,69,Sports Club,Data Scientist,No,EWS
STU-2840,ME,3,5,6.32,94,Music Club,Entrepreneur,Yes,OBC
STU-2841,ME,4,8,6.69,78,Drama Club,Entrepreneur,Yes,OBC
STU-2842,IT,4,7,6.58,93,Coding Club,AI Engineer,Yes,EWS
STU-2843,CT,3,6,5.88,69,NCC,Entrepreneur,No,SC
STU-2844,EC,3,6,6.59,78,Coding Club,Data Scientist,Yes,OBC
STU-2845,EE,1,2,8.08,98,Coding Club,Software Engineer,Yes,EWS
STU-2846,CT,3,6,6.9,80,Photography Club,Pilot,Yes,Merit
STU-2847,RE,4,8,7.68,62,Coding Club,AI Engineer,Yes,EWS
STU-2848,CS,4,8,9.72,99,Drama Club,Pilot,Yes,EWS
STU-2849,CE,1,2,6.93,90,Drama Club,Research Scientist,Yes,OBC
STU-2850,AE,2,4,6.87,90,Coding Club,Professor,No,ST
STU-2851,CE,3,6,8.87,97,Photography Club,Robotics Engineer,No,OBC
STU-2852,ETC,2,4,6.04,81,NSS,Entrepreneur,Yes,
STU-2853,AE,2,4,5.54,83,Sports Club,Data Scientist,No,ST
STU-2854,ETC,1,1,7.64,94,Sports Club,Software Engineer,Yes,SC
STU-2855,ME,4,7,8.53,91,Drama Club,Entrepreneur,Yes,EWS
STU-2856,AE,4,7,6.12,73,Photography Club,Software Engineer,No,
STU-2857,RE,1,2,9.2,65,Drama Club,Robotics Engineer,Yes,
STU-2858,AI/ML,2,4,9.67,68,Drama Club,Robotics Engineer,No,OBC
STU-2859,CS,1,2,5.98,62,NSS,Data Scientist,Yes,ST
STU-2860,AE,2,4,8.48,98,Coding Club,Software Engineer,Yes,SC
STU-2861,IT,1,1,5.59,97,Drama Club,AI Engineer,Yes,SC
STU-2862,CT,1,1,8.59,70,Sports Club,Entrepreneur,No,
STU-2863,DS,3,6,7.64,79,Sports Club,Data Scientist,Yes,
STU-2864,CE,1,1,6.6,81,Coding Club,Robotics Engineer,Yes,OBC
STU-2865,ME,2,3,9.64,61,NCC,Professor,No,ST
STU-2866,ETC,4,8,6.24,94,Sports Club,Robotics Engineer,No,SC
STU-2867,DS,2,3,8.78,83,Sports Club,Entrepreneur,No,SC
STU-2868,ME,4,7,9.03,83,Drama Club,Data Scientist,No,Merit
STU-2869,DS,1,1,6.27,87,Drama Club,Pilot,Yes,EWS
STU-2870,AE,2,4,9.3,99,Music Club,Software Engineer,Yes,SC
STU-2871,DS,4,8,7.89,99,Robotics Club,Research Scientist,Yes,OBC
STU-2872,EE,1,2,5.63,62,Robotics Club,Robotics Engineer,No,Merit
STU-2873,IIOT,3,5,7.62,84,NCC,Research Scientist,No,Merit
STU-2874,ME,1,2,6.56,78,Sports Club,Pilot,No,SC
STU-2875,CS,2,3,9.59,60,NCC,Data Scientist,Yes,EWS
STU-2876,ME,1,1,6.81,83,Photography Club,Pilot,Yes,SC
STU-2877,CS,3,5,9.86,82,NCC,Data Scientist,Yes,EWS
STU-2878,CS,3,6,9.46,77,Music Club,Robotics Engineer,No,
STU-2879,ME,2,3,8.99,82,NSS,Robotics Engineer,No,ST
STU-2880,AE,1,1,8.82,74,NCC,Professor,Yes,EWS
STU-2881,IT,3,6,7.44,69,Drama Club,Professor,No,Merit
STU-2882,AE,1,2,7.43,68,Music Club,Professor,No,
STU-2883,CE,4,7,6.81,96,Robotics Club,AI Engineer,No,
STU-2884,DS,2,4,5.68,68,Robotics Club,Software Engineer,No,OBC
STU-2885,RE,3,6,7.83,87,Drama Club,Robotics Engineer,Yes,SC
STU-2886,ME,4,7,6.31,85,Robotics Club,AI Engineer,No,
STU-2887,ME,2,4,7.91,71,Photography Club,Software Engineer,No,Merit
STU-2888,EC,1,1,6.51,85,Robotics Club,Software Engineer,Yes,OBC
STU-2889,AE,2,3,5.77,87,Music Club,Research Scientist,No,EWS
STU-2890,RE,4,8,7.98,62,NCC,Pilot,No,Merit
STU-2891,EC,4,7,8.78,62,Drama Club,Robotics Engineer,No,Merit
STU-2892,AI/ML,2,3,7.86,79,Music Club,AI Engineer,Yes,EWS
STU-2893,ME,3,5,8.99,66,Photography Club,Robotics Engineer,No,EWS
STU-2894,AI/ML,4,7,6.91,88,Robotics Club,Robotics Engineer,Yes,SC
STU-2895,DS,3,5,6.21,90,Music Club,Data Scientist,No,
STU-2896,EC,4,8,8.09,72,Sports Club,Entrepreneur,Yes,OBC
STU-2897,DS,4,7,8.07,66,NSS,Pilot,Yes,EWS
STU-2898,CS,4,8,7.92,71,Sports Club,Pilot,Yes,OBC
STU-2899,RE,3,6,6.13,78,Photography Club,Robotics Engineer,No,OBC
STU-2900,EE,2,3,5.93,99,NCC,Data Scientist,No,OBC
STU-2901,ME,2,3,7.07,90,Photography Club,AI Engineer,No,ST
STU-2902,ME,3,5,5.66,95,Robotics Club,Pilot,Yes,Merit
STU-2903,DS,3,6,7.78,78,Sports Club,Robotics Engineer,No,OBC
STU-2904,EC,4,7,8.1,83,Robotics Club,Robotics Engineer,Yes,EWS
STU-2905,ME,4,7,6.9,63,Music Club,Research Scientist,Yes,Merit
STU-2906,DS,2,4,5.63,87,NSS,Research Scientist,No,EWS
STU-2907,ME,1,2,7.61,81,Coding Club,Software Engineer,No,
STU-2908,CE,1,1,6.92,79,Robotics Club,Software Engineer,Yes,
STU-2909,IT,2,3,6.13,74,Photography Club,AI Engineer,Yes,SC
STU-2910,CS,4,7,7.21,68,NCC,Professor,Yes,
STU-2911,IT,1,1,7.72,74,NCC,Research Scientist,Yes,ST
STU-2912,RE,4,7,8.51,62,Sports Club,Research Scientist,No,OBC
STU-2913,ETC,4,7,7.67,63,Photography Club,Pilot,No,
STU-2914,ME,3,5,8.29,60,Robotics Club,Robotics Engineer,Yes,OBC
STU-2915,CT,3,6,8.87,96,NCC,Pilot,No,SC
STU-2916,ETC,4,8,8.07,91,NCC,Professor,Yes,
STU-2917,ETC,4,7,9.34,100,Coding Club,Entrepreneur,Yes,Merit
STU-2918,IIOT,2,3,5.8,71,NCC,Research Scientist,Yes,Merit
STU-2919,AI/ML,1,2,8.91,98,Coding Club,Research Scientist,Yes,Merit
STU-2920,CS,3,6,5.87,60,Sports Club,Software Engineer,No,
STU-2921,AE,2,3,8.92,76,Coding Club,Professor,Yes,OBC
STU-2922,EC,3,6,6.44,97,Photography Club,Pilot,Yes,EWS
STU-2923,DS,1,1,8.37,81,NCC,Software Engineer,Yes,
STU-2924,ME,3,5,7.78,62,Music Club,Professor,Yes,SC
STU-2925,CT,2,4,6.86,80,NCC,Entrepreneur,Yes,OBC
STU-2926,ETC,4,7,9.86,91,Robotics Club,Software Engineer,No,
STU-2927,EE,2,3,7.53,93,NSS,AI Engineer,No,Merit
STU-2928,ETC,1,2,7.88,98,NCC,AI Engineer,Yes,EWS
STU-2929,AE,4,8,5.82,64,Drama Club,Entrepreneur,Yes,ST
STU-2930,AE,2,4,8.57,95,NCC,Software Engineer,No,OBC
STU-2931,RE,1,1,6.66,97,Coding Club,AI Engineer,No,OBC
STU-2932,EE,4,8,9.87,71,Music Club,Robotics Engineer,No,OBC
STU-2933,ETC,1,1,8.32,94,NSS,Professor,No,EWS
STU-2934,EC,2,4,6.71,62,Sports Club,Research Scientist,No,ST
STU-2935,CS,3,6,8.45,93,Sports Club,Entrepreneur,No,Merit
STU-2936,CS,3,6,7.3,63,Sports Club,Data Scientist,Yes,OBC
STU-2937,CE,2,4,9.39,98,Coding Club,Pilot,No,SC
STU-2938,AE,1,1,8.8,91,Robotics Club,Robotics Engineer,No,Merit
STU-2939,EC,2,4,7.2,64,Sports Club,AI Engineer,No,OBC
STU-2940,AI/ML,1,2,6.5,83,NCC,Research Scientist,Yes,ST
STU-2941,ME,4,8,5.57,84,Coding Club,Research Scientist,No,Merit
STU-2942,IIOT,2,4,9.26,73,NSS,Software Engineer,No,Merit
STU-2943,CS,4,7,7.49,65,Drama Club,Entrepreneur,Yes,ST
STU-2944,IT,2,4,8.85,68,Sports Club,Software Engineer,Yes,SC
STU-2945,AI/ML,1,1,8.76,83,NSS,Pilot,No,Merit
STU-2946,EE,4,8,8.35,96,Photography Club,Software Engineer,Yes,ST
STU-2947,IIOT,3,6,9.07,97,Sports Club,Data Scientist,Yes,Merit
STU-2948,CT,4,8,9.61,90,Photography Club,Software Engineer,No,ST
STU-2949,CS,1,2,5.62,60,NSS,Research Scientist,Yes,ST
STU-2950,AE,3,6,7.3,67,Robotics Club,Software Engineer,No,OBC
STU-2951,DS,3,5,6.24,96,Coding Club,Software Engineer,No,Merit
STU-2952,EC,4,7,6.38,90,NSS,Entrepreneur,Yes,ST
STU-2953,ME,1,2,5.87,70,Photography Club,Pilot,No,OBC
STU-2954,IT,2,3,9.5,81,Music Club,AI Engineer,No,ST
STU-2955,DS,3,5,8.55,100,NCC,Data Scientist,No,EWS
STU-2956,DS,4,7,9.57,80,Music Club,Professor,No,OBC
STU-2957,EC,3,5,9.77,94,Drama Club,Software Engineer,Yes,OBC
STU-2958,DS,3,5,8.83,96,Robotics Club,Professor,No,
STU-2959,IIOT,3,5,7.49,91,Coding Club,Data Scientist,No,EWS
STU-2960,AI/ML,2,4,9.11,72,Sports Club,Research Scientist,Yes,
STU-2961,EE,3,6,9.25,63,Music Club,Research Scientist,No,
STU-2962,IIOT,4,7,5.82,67,Drama Club,Robotics Engineer,No,SC
STU-2963,IT,3,5,9.65,93,Robotics Club,Software Engineer,Yes,
STU-2964,IIOT,4,7,6.23,98,Music Club,Research Scientist,Yes,EWS
STU-2965,CE,2,3,9.08,82,Music Club,AI Engineer,Yes,ST
STU-2966,IT,1,1,8.43,75,Sports Club,Robotics Engineer,No,ST
STU-2967,ETC,1,2,9.83,79,NCC,Pilot,No,OBC
STU-2968,IT,2,4,7.2,89,Drama Club,Research Scientist,Yes,SC
STU-2969,IT,1,2,8.91,85,Photography Club,Entrepreneur,Yes,SC
STU-2970,EE,3,5,9.22,91,Photography Club,Entrepreneur,Yes,ST
STU-2971,CT,2,4,7.57,63,Drama Club,AI Engineer,Yes,ST
STU-2972,DS,2,3,7.88,64,Photography Club,Software Engineer,Yes,SC
STU-2973,ME,1,2,6.2,77,Drama Club,Research Scientist,Yes,Merit
STU-2974,AE,3,6,7.93,73,Coding Club,Entrepreneur,No,EWS
STU-2975,CT,4,7,8.72,94,NSS,AI Engineer,Yes,SC
STU-2976,ETC,3,5,8.87,81,Music Club,Data Scientist,Yes,EWS
STU-2977,EC,3,5,8.55,62,Drama Club,Data Scientist,Yes,Merit
STU-2978,AE,4,8,6.16,62,Photography Club,AI Engineer,No,
STU-2979,CT,1,1,8.44,83,Sports Club,Pilot,Yes,EWS
STU-2980,IT,1,1,9.52,61,NSS,Research Scientist,No,SC
STU-2981,EE,2,3,5.88,71,Music Club,Entrepreneur,No,SC
STU-2982,ME,4,8,8.73,64,Coding Club,Pilot,No,ST
STU-2983,AE,1,2,9.32,88,NSS,AI Engineer,No,ST
STU-2984,AE,4,7,8.75,70,Sports Club,Entrepreneur,No,EWS
STU-2985,ETC,1,1,6.79,68,Photography Club,Robotics Engineer,Yes,SC
STU-2986,ETC,3,5,9.57,82,Sports Club,Data Scientist,No,OBC
STU-2987,ME,1,1,7.56,91,Drama Club,Entrepreneur,Yes,SC
STU-2988,DS,4,8,9.32,97,Drama Club,Data Scientist,No,ST
STU-2989,RE,3,6,5.87,93,NSS,Research Scientist,Yes,Merit
STU-2990,ETC,4,7,5.55,100,Music Club,AI Engineer,No,EWS
STU-2991,CS,4,8,8.71,75,NCC,AI Engineer,Yes,EWS
STU-2992,ETC,3,5,9.17,76,Robotics Club,Robotics Engineer,Yes,Merit
STU-2993,IIOT,1,1,6.08,85,NCC,Pilot,No,OBC
STU-2994,CT,1,1,6.6,63,Photography Club,Entrepreneur,No,Merit
STU-2995,CS,3,5,8.41,89,NCC,Data Scientist,Yes,ST
STU-2996,EE,1,2,9.35,76,Robotics Club,Pilot,No,Merit
STU-2997,IT,3,6,7.45,96,Coding Club,Research Scientist,No,
STU-2998,AI/ML,1,2,6.06,92,Music Club,Professor,No,
STU-2999,AI/ML,4,7,7.51,77,Sports Club,Data Scientist,Yes,EWS
STU-3000,CS,1,1,9.23,89,Photography Club,Data Scientist,Yes,OBC
STU-3001,ETC,3,6,7.0,73,Robotics Club,AI Engineer,Yes,
STU-3002,IT,2,3,7.46,98,Coding Club,Research Scientist,No,Merit
STU-3003,IT,1,2,6.19,100,NCC,Data Scientist,No,
STU-3004,ETC,2,4,8.85,72,Sports Club,Entrepreneur,Yes,
STU-3005,IT,4,8,7.43,76,Drama Club,Data Scientist,No,SC
STU-3006,EE,4,7,5.55,79,Robotics Club,Robotics Engineer,Yes,Merit
STU-3007,CE,2,4,7.06,80,Photography Club,Pilot,Yes,EWS
STU-3008,EE,4,8,6.04,100,NSS,Robotics Engineer,No,Merit
STU-3009,CE,3,5,8.14,60,Sports Club,Robotics Engineer,Yes,ST
STU-3010,ME,1,1,6.4,64,Drama Club,Software Engineer,Yes,
STU-3011,IT,4,7,7.79,65,Drama Club,Entrepreneur,Yes,OBC
STU-3012,CS,3,5,6.54,77,Drama Club,AI Engineer,No,OBC
STU-3013,IIOT,4,8,8.7,74,Robotics Club,Professor,Yes,SC
STU-3014,AE,1,1,9.0,80,Drama Club,AI Engineer,No,ST
STU-3015,ETC,4,8,6.49,88,Robotics Club,Professor,No,SC
STU-3016,RE,2,4,6.75,70,Photography Club,Professor,Yes,SC
STU-3017,CE,2,3,6.29,99,Coding Club,Professor,No,OBC
STU-3018,EC,4,8,6.32,85,Coding Club,Research Scientist,No,EWS
STU-3019,AI/ML,4,8,8.54,93,Robotics Club,Professor,No,Merit
STU-3020,EC,2,3,9.8,65,Music Club,Professor,No,SC
STU-3021,AI/ML,3,6,6.31,61,Photography Club,Data Scientist,No,Merit
STU-3022,AI/ML,2,4,8.0,95,Sports Club,Software Engineer,Yes,ST
STU-3023,CS,3,6,8.84,86,NSS,Software Engineer,No,EWS
STU-3024,EC,2,3,7.62,60,Sports Club,Pilot,Yes,Merit
STU-3025,ETC,1,2,6.0,72,Robotics Club,AI Engineer,Yes,SC
STU-3026,CT,1,1,6.96,97,Music Club,Professor,No,Merit
STU-3027,EE,4,7,7.45,82,Photography Club,Data Scientist,No,EWS
STU-3028,EC,4,8,8.96,99,Drama Club,Pilot,Yes,Merit
STU-3029,CS,3,5,8.97,87,Drama Club,Robotics Engineer,No,Merit
STU-3030,DS,3,5,7.52,60,Coding Club,Research Scientist,Yes,Merit
STU-3031,CS,4,7,5.85,76,Photography Club,Entrepreneur,Yes,EWS
STU-3032,EC,4,8,8.52,85,NSS,Robotics Engineer,No,
STU-3033,ME,2,3,9.36,78,NCC,Software Engineer,No,EWS
STU-3034,DS,3,6,9.82,68,Sports Club,Robotics Engineer,No,EWS
STU-3035,RE,4,7,7.18,72,Music Club,Data Scientist,Yes,EWS
STU-3036,ME,1,1,7.6,63,Sports Club,Entrepreneur,Yes,Merit
STU-3037,ME,3,5,6.25,96,NSS,Data Scientist,Yes,ST
STU-3038,DS,1,2,7.38,91,NCC,Data Scientist,No,Merit
STU-3039,AE,4,8,8.38,73,Coding Club,AI Engineer,No,
STU-3040,IT,3,6,5.61,74,Drama Club,Professor,Yes,EWS
STU-3041,AI/ML,4,8,8.05,63,Coding Club,Pilot,Yes,
STU-3042,IIOT,3,5,6.06,63,NCC,AI Engineer,Yes,Merit
STU-3043,EC,2,4,7.46,81,Robotics Club,Data Scientist,No,ST
STU-3044,AE,2,4,9.6,72,Robotics Club,AI Engineer,No,Merit
STU-3045,IT,3,6,8.56,88,Drama Club,Professor,Yes,ST
STU-3046,IIOT,2,3,5.59,97,NSS,Professor,Yes,OBC
STU-3047,IIOT,4,7,6.26,91,Music Club,Entrepreneur,No,SC
STU-3048,ETC,4,8,9.8,94,NCC,Data Scientist,No,OBC
STU-3049,ETC,3,6,8.68,94,Sports Club,Software Engineer,Yes,Merit
STU-3050,EC,4,8,7.06,91,NSS,Entrepreneur,Yes,SC
STU-3051,AI/ML,2,3,8.55,67,NCC,Software Engineer,Yes,
STU-3052,EC,4,7,9.18,62,NCC,AI Engineer,No,
STU-3053,ME,3,6,6.54,68,Music Club,Software Engineer,Yes,EWS
STU-3054,IT,4,7,8.84,92,NSS,Entrepreneur,No,
STU-3055,IT,4,7,8.63,84,Drama Club,Entrepreneur,No,ST
STU-3056,AE,4,7,7.42,62,NCC,Research Scientist,Yes,SC
STU-3057,CS,1,2,8.24,83,Music Club,AI Engineer,No,OBC
STU-3058,AI/ML,3,6,7.28,97,Drama Club,Pilot,Yes,
STU-3059,IT,1,2,6.47,75,Coding Club,Professor,Yes,SC
STU-3060,AI/ML,4,8,7.79,80,Music Club,AI Engineer,No,EWS
STU-3061,AI/ML,2,4,6.63,85,Photography Club,AI Engineer,No,ST
STU-3062,IIOT,1,2,7.81,75,Music Club,Data Scientist,No,SC
STU-3063,CT,1,1,7.38,63,Robotics Club,Entrepreneur,Yes,OBC
STU-3064,ETC,1,1,9.37,97,NSS,Entrepreneur,No,ST
STU-3065,IT,1,1,6.15,84,Coding Club,Data Scientist,No,
STU-3066,EE,1,1,9.43,77,NSS,Professor,No,SC
STU-3067,AI/ML,4,7,8.85,60,Drama Club,Data Scientist,Yes,EWS
STU-3068,AI/ML,3,5,7.27,83,Music Club,Pilot,Yes,SC
STU-3069,IT,3,5,7.83,96,Coding Club,AI Engineer,No,EWS
STU-3070,CS,2,4,9.22,76,Photography Club,Robotics Engineer,No,SC
STU-3071,IIOT,3,6,8.95,86,Photography Club,Entrepreneur,Yes,Merit
STU-3072,CE,1,1,9.78,63,Drama Club,Robotics Engineer,No,EWS
STU-3073,AI/ML,2,3,7.01,72,Drama Club,Professor,No,ST
STU-3074,ETC,2,3,8.05,93,Music Club,Data Scientist,Yes,SC
STU-3075,EE,1,2,8.29,82,Robotics Club,Research Scientist,No,SC
STU-3076,ETC,1,2,8.52,99,Music Club,Software Engineer,Yes,Merit
STU-3077,IT,4,8,6.77,76,NCC,Research Scientist,Yes,OBC
STU-3078,IIOT,4,7,7.09,100,NCC,AI Engineer,No,Merit
STU-3079,CT,4,7,9.44,96,Drama Club,Pilot,No,OBC
STU-3080,EE,2,3,6.89,72,NSS,Data Scientist,No,ST
STU-3081,DS,2,3,8.08,80,Robotics Club,Entrepreneur,No,EWS
STU-3082,RE,2,3,8.44,100,NSS,Entrepreneur,Yes,Merit
STU-3083,AI/ML,4,8,8.96,77,Music Club,AI Engineer,Yes,EWS
STU-3084,EE,4,8,7.79,72,NSS,Data Scientist,Yes,
STU-3085,AE,2,3,8.56,92,Sports Club,Professor,Yes,Merit
STU-3086,CS,3,6,7.32,84,Drama Club,Professor,Yes,
STU-3087,EE,3,5,6.64,98,Drama Club,Research Scientist,No,EWS
STU-3088,ETC,2,4,6.58,91,Music Club,AI Engineer,No,ST
STU-3089,DS,3,5,6.59,70,Photography Club,Software Engineer,No,ST
STU-3090,AE,2,3,6.03,81,Robotics Club,AI Engineer,No,SC
STU-3091,EE,3,6,7.72,95,Photography Club,Pilot,Yes,EWS
STU-3092,CE,2,4,5.66,65,Robotics Club,AI Engineer,Yes,SC
STU-3093,CS,1,2,6.06,66,NSS,Robotics Engineer,Yes,Merit
STU-3094,EC,3,6,7.21,71,Drama Club,AI Engineer,No,OBC
STU-3095,DS,1,1,8.47,72,Robotics Club,Data Scientist,No,Merit
STU-3096,DS,1,2,6.01,89,Photography Club,Data Scientist,No,OBC
STU-3097,CE,1,2,5.73,73,Drama Club,Robotics Engineer,Yes,ST
STU-3098,ME,2,4,6.58,71,Photography Club,AI Engineer,No,EWS
STU-3099,IT,2,3,8.88,72,NCC,Entrepreneur,Yes,SC
STU-3100,CT,1,1,6.39,91,NSS,Robotics Engineer,Yes,ST
STU-3101,EC,4,7,6.58,86,NSS,Pilot,No,OBC
STU-3102,ETC,3,6,5.68,99,NCC,Data Scientist,Yes,OBC
STU-3103,RE,2,3,6.16,85,Coding Club,Robotics Engineer,No,OBC
STU-3104,CT,1,1,8.21,64,Coding Club,Research Scientist,No,Merit
STU-3105,AE,1,1,9.76,87,Sports Club,Pilot,No,Merit
STU-3106,AE,4,8,6.81,68,Drama Club,Data Scientist,Yes,EWS
STU-3107,ETC,3,5,7.08,92,Sports Club,Robotics Engineer,Yes,
STU-3108,DS,4,7,9.45,75,Music Club,Pilot,No,SC
STU-3109,AE,3,5,9.63,66,Robotics Club,Research Scientist,Yes,SC
STU-3110,IT,4,7,8.26,82,Drama Club,Pilot,No,
STU-3111,ETC,3,6,9.51,95,Coding Club,Entrepreneur,Yes,
STU-3112,CS,2,3,8.81,74,Drama Club,Professor,Yes,SC
STU-3113,IT,4,7,8.0,82,NSS,Professor,No,SC
STU-3114,DS,4,7,8.97,94,Music Club,Research Scientist,Yes,EWS
STU-3115,EC,4,8,9.32,60,Robotics Club,Professor,Yes,ST
STU-3116,RE,4,7,9.79,69,Music Club,Professor,Yes,SC
STU-3117,EE,1,2,7.57,91,NCC,Research Scientist,No,
STU-3118,CT,4,7,6.84,66,NCC,Professor,Yes,EWS
STU-3119,IT,1,1,7.71,62,Music Club,AI Engineer,No,
STU-3120,EC,2,3,8.6,76,Music Club,Entrepreneur,No,EWS
STU-3121,AE,1,1,8.1,73,Photography Club,AI Engineer,No,
STU-3122,AI/ML,2,4,7.46,97,Sports Club,Software Engineer,Yes,EWS
STU-3123,AE,1,2,8.18,76,NCC,Pilot,No,EWS
STU-3124,AE,2,4,6.31,92,Sports Club,Pilot,Yes,EWS
STU-3125,AE,1,2,6.88,93,NSS,Research Scientist,Yes,ST
STU-3126,IT,1,2,8.91,68,Photography Club,Data Scientist,Yes,
STU-3127,ME,1,1,7.72,92,NSS,AI Engineer,No,EWS
STU-3128,CS,4,7,6.56,71,Photography Club,Pilot,No,EWS
STU-3129,CE,2,4,9.87,63,NCC,Software Engineer,Yes,Merit
STU-3130,CS,2,3,9.4,79,Drama Club,Data Scientist,Yes,OBC
STU-3131,IT,2,3,8.92,80,Photography Club,Professor,Yes,OBC
STU-3132,ETC,4,7,8.88,88,Sports Club,Pilot,No,EWS
STU-3133,IT,2,3,7.59,65,Coding Club,Research Scientist,Yes,EWS
STU-3134,IIOT,2,3,5.78,73,NCC,Entrepreneur,Yes,OBC
STU-3135,EE,1,1,5.84,93,NSS,Research Scientist,No,ST
STU-3136,CS,1,2,7.78,84,NCC,Professor,Yes,OBC
STU-3137,RE,1,2,8.76,74,Robotics Club,AI Engineer,No,ST
STU-3138,CS,2,4,8.59,83,Drama Club,Robotics Engineer,Yes,SC
STU-3139,RE,3,5,7.01,91,Music Club,Research Scientist,Yes,SC
STU-3140,ME,3,5,5.55,74,Drama Club,Data Scientist,Yes,OBC
STU-3141,AI/ML,1,2,6.3,86,Robotics Club,Pilot,No,EWS
STU-3142,IIOT,1,2,9.67,81,Music Club,AI Engineer,Yes,EWS
STU-3143,CT,1,2,7.48,83,Drama Club,Robotics Engineer,No,EWS
STU-3144,ME,4,7,7.33,86,Drama Club,Pilot,No,OBC
STU-3145,AE,1,1,5.89,79,Music Club,Pilot,No,SC
STU-3146,ME,4,7,8.5,91,Coding Club,Entrepreneur,Yes,
STU-3147,CE,1,2,7.28,94,NCC,Entrepreneur,No,SC
STU-3148,CS,4,7,7.18,98,Drama Club,Data Scientist,Yes,OBC
STU-3149,CT,2,4,7.37,72,Drama Club,Robotics Engineer,No,EWS
STU-3150,AI/ML,1,1,9.58,68,Coding Club,Pilot,Yes,
STU-3151,AI/ML,1,1,7.83,85,Music Club,Professor,No,
STU-3152,RE,3,6,6.18,70,Coding Club,Pilot,No,
STU-3153,CS,1,1,9.13,61,Coding Club,Research Scientist,Yes,EWS
STU-3154,CE,1,2,8.0,73,Drama Club,Professor,Yes,SC
STU-3155,DS,2,3,7.95,87,NCC,Data Scientist,Yes,SC
STU-3156,ME,1,2,9.71,80,Robotics Club,Data Scientist,Yes,EWS
STU-3157,CT,3,5,8.83,100,Coding Club,Software Engineer,No,SC
STU-3158,CE,2,3,9.69,93,NSS,Professor,No,Merit
STU-3159,DS,3,5,7.26,86,NSS,Data Scientist,No,SC
STU-3160,EC,4,7,9.75,98,NCC,AI Engineer,No,
STU-3161,DS,3,5,6.72,64,Music Club,Robotics Engineer,No,SC
STU-3162,RE,4,7,8.45,62,NSS,Pilot,No,Merit
STU-3163,CS,3,6,7.21,89,Drama Club,Entrepreneur,No,
STU-3164,AI/ML,4,8,8.42,87,Sports Club,Software Engineer,No,SC
STU-3165,AI/ML,4,8,9.81,72,Photography Club,Data Scientist,Yes,EWS
STU-3166,EE,4,8,9.78,72,NCC,Professor,No,SC
STU-3167,IT,3,6,8.63,71,Sports Club,Entrepreneur,Yes,Merit
STU-3168,EC,4,7,7.08,62,Photography Club,AI Engineer,Yes,
STU-3169,CE,3,6,6.81,68,Music Club,Software Engineer,No,ST
STU-3170,CT,4,7,7.03,99,Photography Club,Data Scientist,No,
STU-3171,DS,4,8,6.92,95,Sports Club,AI Engineer,Yes,
STU-3172,CS,3,6,6.25,64,Photography Club,Data Scientist,Yes,EWS
STU-3173,AE,1,1,6.45,68,NSS,Professor,Yes,Merit
STU-3174,CT,1,2,7.88,74,NCC,Professor,Yes,ST
STU-3175,EE,1,1,7.79,92,NCC,Research Scientist,Yes,EWS
STU-3176,IIOT,3,6,9.41,64,Drama Club,Software Engineer,No,OBC
STU-3177,EE,4,7,6.73,90,Robotics Club,Robotics Engineer,Yes,ST
STU-3178,IT,3,6,7.06,68,Coding Club,Data Scientist,No,ST
STU-3179,RE,1,2,8.06,74,Music Club,Entrepreneur,No,Merit
STU-3180,ME,3,6,7.78,89,Coding Club,Research Scientist,Yes,Merit
STU-3181,ME,4,8,7.6,80,Drama Club,Professor,Yes,OBC
STU-3182,ME,4,7,5.56,82,Drama Club,Robotics Engineer,Yes,OBC
STU-3183,CT,1,2,8.52,87,NCC,Entrepreneur,No,
STU-3184,ME,4,8,6.68,66,Music Club,Data Scientist,No,EWS
STU-3185,IT,1,1,9.73,61,Photography Club,Entrepreneur,Yes,OBC
STU-3186,EC,4,8,7.26,67,Music Club,Pilot,Yes,Merit
STU-3187,EE,1,2,9.12,99,Drama Club,Data Scientist,No,EWS
STU-3188,EC,2,4,6.34,78,Coding Club,Robotics Engineer,No,
STU-3189,EE,1,1,9.29,73,NCC,Data Scientist,No,SC
STU-3190,DS,4,7,6.53,74,NSS,Research Scientist,Yes,
STU-3191,CT,1,2,5.57,81,Music Club,AI Engineer,Yes,ST
STU-3192,IIOT,3,5,7.32,94,Sports Club,Pilot,Yes,OBC
STU-3193,EC,3,5,9.8,63,Drama Club,Data Scientist,No,OBC
STU-3194,DS,2,4,8.82,62,NCC,Software Engineer,No,OBC
STU-3195,CT,2,4,8.85,90,Coding Club,Professor,Yes,EWS
STU-3196,AE,2,3,8.38,79,NSS,AI Engineer,Yes,
STU-3197,AE,2,3,9.16,93,Drama Club,Data Scientist,No,OBC
STU-3198,EE,2,4,7.4,100,Coding Club,Software Engineer,Yes,
STU-3199,RE,3,6,7.87,67,NSS,Pilot,Yes,Merit
STU-3200,RE,4,7,5.52,91,NCC,Entrepreneur,No,OBC
STU-3201,ME,4,7,9.66,64,NCC,Pilot,Yes,EWS
STU-3202,EC,1,2,6.42,95,Coding Club,Professor,No,SC
STU-3203,DS,3,6,7.9,93,Robotics Club,AI Engineer,No,EWS
STU-3204,RE,4,7,9.38,82,Music Club,Entrepreneur,Yes,EWS
STU-3205,DS,2,3,6.29,83,Music Club,Pilot,Yes,
STU-3206,ME,4,8,8.6,65,NCC,Research Scientist,No,EWS
STU-3207,EC,4,8,9.88,61,Robotics Club,Entrepreneur,Yes,OBC
STU-3208,ME,2,3,5.92,67,Photography Club,Entrepreneur,No,EWS
STU-3209,DS,2,4,6.72,99,NCC,Entrepreneur,Yes,SC
STU-3210,CS,3,6,5.99,77,Robotics Club,Research Scientist,Yes,OBC
STU-3211,EE,1,1,8.5,100,Photography Club,Professor,Yes,OBC
STU-3212,IIOT,4,7,9.52,94,Sports Club,AI Engineer,Yes,OBC
STU-3213,AE,1,1,9.61,65,Coding Club,Data Scientist,No,EWS
STU-3214,ETC,3,5,8.87,73,Music Club,Research Scientist,No,
STU-3215,DS,1,2,6.37,82,NSS,Research Scientist,Yes,OBC
STU-3216,ME,4,7,8.2,84,Coding Club,Pilot,No,
STU-3217,IIOT,4,8,8.67,64,Coding Club,AI Engineer,Yes,SC
STU-3218,DS,4,7,6.51,87,NCC,Entrepreneur,Yes,Merit
STU-3219,IIOT,1,1,8.32,89,Robotics Club,Robotics Engineer,No,OBC
STU-3220,RE,4,7,8.09,98,Music Club,Professor,No,SC
STU-3221,CT,3,5,5.57,93,NCC,Entrepreneur,No,Merit
STU-3222,IT,4,8,9.11,94,Sports Club,Professor,Yes,OBC
STU-3223,DS,2,4,8.67,88,Drama Club,Data Scientist,Yes,Merit
STU-3224,ETC,4,7,5.91,79,Drama Club,AI Engineer,No,
STU-3225,AI/ML,2,3,8.01,96,Coding Club,Professor,No,EWS
STU-3226,DS,4,8,5.73,79,Sports Club,Research Scientist,Yes,
STU-3227,CE,2,3,6.49,77,Photography Club,Professor,Yes,SC
STU-3228,ME,4,8,9.48,70,NSS,Professor,Yes,EWS
STU-3229,AI/ML,1,1,9.48,69,NCC,Robotics Engineer,Yes,
STU-3230,CE,2,4,7.5,92,Sports Club,AI Engineer,No,
STU-3231,EE,1,2,6.22,100,Robotics Club,Robotics Engineer,Yes,
STU-3232,ETC,4,8,9.77,75,NCC,Entrepreneur,No,
STU-3233,EC,2,3,8.97,81,Music Club,Data Scientist,No,EWS
STU-3234,EE,4,7,8.79,81,Photography Club,Professor,No,
STU-3235,RE,1,2,6.37,81,Drama Club,Professor,No,EWS
STU-3236,EC,4,8,9.23,75,NCC,Professor,No,
STU-3237,EE,3,6,6.56,63,Photography Club,Professor,No,
STU-3238,ME,1,2,8.04,90,Coding Club,Robotics Engineer,No,EWS
STU-3239,CT,2,3,8.5,79,NSS,Professor,Yes,ST
STU-3240,ETC,2,4,6.71,95,NSS,AI Engineer,Yes,SC
STU-3241,DS,1,2,9.28,65,NCC,Professor,Yes,OBC
STU-3242,IT,2,3,9.23,74,Coding Club,Research Scientist,No,SC
STU-3243,RE,4,7,7.08,62,Music Club,Data Scientist,Yes,Merit
STU-3244,ME,1,2,9.04,93,Music Club,Robotics Engineer,Yes,SC
STU-3245,RE,4,8,8.31,98,Music Club,AI Engineer,Yes,OBC
STU-3246,IT,2,4,7.67,70,Photography Club,Robotics Engineer,Yes,
STU-3247,AE,2,4,7.0,80,Music Club,Entrepreneur,Yes,Merit
STU-3248,AE,3,6,6.01,65,Coding Club,Pilot,No,
STU-3249,IT,3,5,8.31,72,NSS,Data Scientist,Yes,
STU-3250,EE,1,2,6.79,84,Music Club,Pilot,No,Merit
STU-3251,CT,3,6,9.47,98,NSS,Pilot,Yes,
STU-3252,AE,3,5,8.17,72,Music Club,Research Scientist,Yes,EWS
STU-3253,CS,2,4,5.84,75,Robotics Club,Software Engineer,No,EWS
STU-3254,ETC,2,3,8.28,70,Music Club,Professor,No,SC
STU-3255,CE,1,1,9.24,78,NSS,AI Engineer,Yes,ST
STU-3256,CE,4,7,7.32,95,NCC,Research Scientist,Yes,ST
STU-3257,AE,3,5,7.75,96,Robotics Club,Entrepreneur,Yes,Merit
STU-3258,CT,4,8,7.57,85,Photography Club,Professor,No,
STU-3259,DS,1,1,6.51,63,NCC,Entrepreneur,Yes,OBC
STU-3260,EC,2,4,7.45,64,NCC,Entrepreneur,Yes,
STU-3261,CT,1,2,7.85,100,Photography Club,AI Engineer,No,
STU-3262,RE,3,6,8.33,86,NSS,Pilot,No,OBC
STU-3263,DS,2,4,8.15,80,Robotics Club,Entrepreneur,No,ST
STU-3264,IT,4,8,6.59,62,Robotics Club,AI Engineer,No,ST
STU-3265,ETC,4,7,9.9,61,Photography Club,Robotics Engineer,No,Merit
STU-3266,CE,2,4,5.81,97,NCC,Research Scientist,No,ST
STU-3267,AE,3,5,8.16,80,Robotics Club,Robotics Engineer,No,
STU-3268,RE,2,3,6.51,95,Photography Club,Entrepreneur,Yes,OBC
STU-3269,EE,4,7,6.44,89,Music Club,Pilot,Yes,Merit
STU-3270,RE,1,2,7.24,64,Music Club,Data Scientist,No,SC
STU-3271,CE,4,8,8.13,89,NSS,AI Engineer,No,ST
STU-3272,DS,3,6,8.21,87,Music Club,Data Scientist,No,Merit
STU-3273,RE,2,4,5.75,79,Music Club,Entrepreneur,No,OBC
STU-3274,EE,1,1,7.02,78,NCC,Research Scientist,Yes,ST
STU-3275,ME,3,5,9.84,80,Sports Club,Professor,No,EWS
STU-3276,AI/ML,1,2,6.5,74,Sports Club,Data Scientist,Yes,SC
STU-3277,RE,1,1,9.1,62,Robotics Club,Robotics Engineer,Yes,ST
STU-3278,ME,1,1,5.88,67,Coding Club,Entrepreneur,No,EWS
STU-3279,DS,2,3,8.69,76,Robotics Club,Robotics Engineer,Yes,ST
STU-3280,AI/ML,1,1,7.65,74,Drama Club,Research Scientist,Yes,Merit
STU-3281,IT,1,1,9.31,99,Photography Club,Software Engineer,Yes,ST
STU-3282,ETC,4,8,8.84,79,Coding Club,Research Scientist,Yes,OBC
STU-3283,RE,3,5,9.18,93,NCC,Entrepreneur,No,EWS
STU-3284,EE,1,1,7.42,89,NSS,Entrepreneur,Yes,SC
STU-3285,ME,4,7,8.56,98,NSS,Entrepreneur,Yes,
STU-3286,CS,2,4,6.7,98,Robotics Club,Robotics Engineer,No,SC
STU-3287,CS,3,5,8.05,64,Photography Club,Software Engineer,No,Merit
STU-3288,CT,4,7,9.28,65,Music Club,AI Engineer,No,
STU-3289,IIOT,4,8,7.73,93,Photography Club,Pilot,Yes,EWS
STU-3290,IT,2,4,8.01,87,Robotics Club,Pilot,Yes,SC
STU-3291,CT,2,4,9.13,63,Coding Club,Data Scientist,Yes,EWS
STU-3292,DS,1,1,7.52,69,Music Club,Entrepreneur,No,OBC
STU-3293,EE,3,6,9.3,88,Photography Club,Data Scientist,Yes,EWS
STU-3294,IIOT,3,6,9.28,72,Robotics Club,Professor,Yes,SC
STU-3295,CE,4,8,9.66,75,Coding Club,Data Scientist,Yes,ST
STU-3296,IT,4,8,7.14,81,NSS,Entrepreneur,No,OBC
STU-3297,CT,2,4,9.04,96,NSS,AI Engineer,No,ST
STU-3298,IT,3,6,6.5,95,Coding Club,Robotics Engineer,No,OBC
STU-3299,DS,2,4,6.37,86,Music Club,AI Engineer,No,SC
STU-3300,EE,2,4,6.27,84,Robotics Club,Software Engineer,No,OBC
STU-3301,AI/ML,3,5,8.85,72,Coding Club,Entrepreneur,No,SC
STU-3302,ETC,4,7,6.55,97,Coding Club,Software Engineer,Yes,Merit
STU-3303,CT,1,2,7.94,96,Robotics Club,AI Engineer,No,
STU-3304,EE,1,2,5.78,99,Drama Club,Entrepreneur,Yes,SC
STU-3305,RE,2,3,8.72,63,Robotics Club,Entrepreneur,Yes,SC
STU-3306,ETC,4,8,8.64,88,Robotics Club,Robotics Engineer,No,OBC
STU-3307,AI/ML,3,6,7.06,76,Music Club,AI Engineer,Yes,EWS
STU-3308,EC,3,5,6.63,89,Drama Club,Research Scientist,Yes,
STU-3309,CS,2,4,7.12,72,Photography Club,Robotics Engineer,Yes,OBC
STU-3310,AE,2,4,6.16,92,Photography Club,Robotics Engineer,Yes,SC
STU-3311,AI/ML,3,6,8.12,73,Photography Club,Data Scientist,Yes,Merit
STU-3312,EE,4,7,5.56,95,Music Club,Data Scientist,Yes,Merit
STU-3313,CS,1,1,9.59,83,Sports Club,Data Scientist,No,Merit
STU-3314,CE,2,4,8.02,89,Sports Club,Data Scientist,No,Merit
STU-3315,RE,1,2,5.9,71,NCC,Robotics Engineer,No,EWS
STU-3316,CT,1,1,5.87,61,Sports Club,Robotics Engineer,No,OBC
STU-3317,EC,3,6,8.67,77,Coding Club,AI Engineer,Yes,ST
STU-3318,RE,2,3,8.25,82,Photography Club,Data Scientist,No,EWS
STU-3319,IIOT,3,5,7.78,99,Robotics Club,Professor,No,Merit
STU-3320,AI/ML,3,6,9.14,69,Drama Club,Entrepreneur,Yes,ST
STU-3321,RE,1,1,7.52,72,NSS,Professor,Yes,Merit
STU-3322,CT,1,1,6.72,82,NSS,AI Engineer,No,SC
STU-3323,RE,2,3,9.75,70,Sports Club,Software Engineer,No,
STU-3324,ME,1,1,8.31,76,Drama Club,Pilot,No,
STU-3325,CE,2,3,9.26,97,Photography Club,Research Scientist,No,SC
STU-3326,ME,3,6,8.89,76,Drama Club,AI Engineer,No,OBC
STU-3327,ETC,2,4,7.73,77,Music Club,Data Scientist,No,
STU-3328,RE,2,3,8.02,83,Coding Club,Research Scientist,Yes,Merit
STU-3329,IIOT,2,3,9.88,75,Sports Club,Entrepreneur,Yes,
STU-3330,EC,4,8,8.3,69,Photography Club,Pilot,Yes,Merit
STU-3331,ETC,2,3,8.87,93,NCC,Research Scientist,Yes,
STU-3332,CS,4,8,6.09,65,Music Club,Robotics Engineer,No,ST
STU-3333,ME,2,4,9.21,81,Music Club,Software Engineer,No,Merit
STU-3334,ME,2,4,6.54,65,Sports Club,Data Scientist,Yes,ST
STU-3335,ETC,2,3,8.19,61,Sports Club,AI Engineer,Yes,SC
STU-3336,IT,3,6,7.65,72,NCC,Robotics Engineer,No,EWS
STU-3337,CT,2,4,8.18,77,Music Club,Data Scientist,No,ST
STU-3338,AE,2,4,6.02,63,Coding Club,Robotics Engineer,Yes,SC
STU-3339,EC,4,7,8.87,100,Drama Club,Data Scientist,No,SC
STU-3340,AI/ML,2,3,6.06,81,Music Club,Robotics Engineer,Yes,SC
STU-3341,EC,2,4,9.62,96,NCC,AI Engineer,Yes,SC
STU-3342,CE,2,3,7.14,61,Music Club,Pilot,Yes,
STU-3343,CT,2,4,8.41,67,Drama Club,AI Engineer,Yes,EWS
STU-3344,EE,4,8,5.6,75,Coding Club,AI Engineer,Yes,Merit
STU-3345,RE,1,1,8.11,65,Photography Club,AI Engineer,Yes,SC
STU-3346,ETC,1,1,7.76,61,Sports Club,Software Engineer,No,OBC
STU-3347,EC,3,5,9.17,61,Robotics Club,Professor,No,OBC
STU-3348,AI/ML,1,2,7.15,91,Photography Club,Pilot,Yes,ST
STU-3349,ETC,2,3,7.64,70,Robotics Club,Data Scientist,No,EWS
STU-3350,CS,1,1,7.37,83,NSS,Pilot,Yes,SC
STU-3351,EE,3,6,9.25,70,Music Club,Pilot,No,ST
STU-3352,EE,3,6,8.14,89,NCC,Research Scientist,No,ST
STU-3353,RE,2,3,6.31,92,NSS,Data Scientist,Yes,
STU-3354,ME,1,2,9.04,91,Coding Club,Software Engineer,No,ST
STU-3355,IIOT,1,1,8.54,78,Robotics Club,Robotics Engineer,No,OBC
STU-3356,CE,4,7,8.13,92,Photography Club,Research Scientist,Yes,ST
STU-3357,ME,4,7,7.67,95,NCC,Robotics Engineer,Yes,ST
STU-3358,CS,2,3,9.64,95,NCC,AI Engineer,No,
STU-3359,AE,3,6,8.0,74,NSS,Data Scientist,Yes,Merit
STU-3360,AE,3,5,6.44,79,Sports Club,Data Scientist,Yes,EWS
STU-3361,RE,4,7,8.34,74,Photography Club,Data Scientist,No,Merit
STU-3362,CT,1,1,7.77,99,NSS,Data Scientist,Yes,Merit
STU-3363,ETC,4,8,6.29,90,Drama Club,Entrepreneur,Yes,SC
STU-3364,IIOT,1,1,7.73,90,Robotics Club,Professor,No,ST
STU-3365,ETC,1,1,9.4,96,NSS,Pilot,Yes,Merit
STU-3366,EE,4,8,7.39,98,NSS,Research Scientist,No,OBC
STU-3367,CT,1,1,8.29,61,Robotics Club,Data Scientist,Yes,ST
STU-3368,IT,2,3,7.07,81,Drama Club,Entrepreneur,Yes,
STU-3369,CT,2,4,9.14,82,Sports Club,Pilot,No,SC
STU-3370,RE,3,5,6.62,85,NSS,AI Engineer,No,ST
STU-3371,DS,1,2,6.66,65,NCC,Pilot,Yes,Merit
STU-3372,CE,2,4,7.75,84,Coding Club,Professor,Yes,EWS
STU-3373,CT,3,6,8.3,75,Music Club,Software Engineer,No,ST
STU-3374,ETC,1,1,6.72,70,Coding Club,Data Scientist,No,EWS
STU-3375,AI/ML,3,5,9.61,100,Sports Club,Robotics Engineer,Yes,ST
STU-3376,AE,3,6,5.8,79,Photography Club,Pilot,Yes,
STU-3377,CT,4,7,6.2,63,Photography Club,Professor,No,ST
STU-3378,CT,1,1,6.62,69,Robotics Club,Software Engineer,No,Merit
STU-3379,DS,3,5,9.33,61,NCC,Pilot,Yes,Merit
STU-3380,ME,3,6,7.14,87,Photography Club,Software Engineer,Yes,Merit
STU-3381,EE,3,6,5.76,80,Music Club,Pilot,Yes,SC
STU-3382,ETC,2,3,8.03,77,Coding Club,Robotics Engineer,No,SC
STU-3383,CT,4,7,5.59,82,NCC,Professor,Yes,SC
STU-3384,ETC,1,1,9.06,97,Robotics Club,Data Scientist,No,
STU-3385,EC,4,8,9.72,66,Photography Club,Pilot,No,
STU-3386,AE,4,7,6.48,68,NCC,Data Scientist,No,EWS
STU-3387,RE,4,8,5.99,73,Drama Club,Research Scientist,Yes,Merit
STU-3388,EC,4,8,8.42,69,Robotics Club,Entrepreneur,No,EWS
STU-3389,RE,1,1,9.52,74,Photography Club,Software Engineer,Yes,EWS
STU-3390,DS,3,5,7.94,89,Sports Club,Software Engineer,Yes,
STU-3391,CT,3,6,9.24,70,Photography Club,Entrepreneur,Yes,SC
STU-3392,IIOT,3,6,8.2,86,Photography Club,Data Scientist,No,
STU-3393,IT,1,2,8.89,73,Coding Club,Data Scientist,Yes,ST
STU-3394,AI/ML,2,4,7.93,95,NSS,Data Scientist,No,OBC
STU-3395,DS,2,4,9.35,67,Drama Club,Professor,Yes,EWS
STU-3396,CS,3,5,9.07,73,NSS,Professor,Yes,Merit
STU-3397,ME,2,4,7.97,99,Sports Club,AI Engineer,Yes,EWS
STU-3398,RE,3,5,9.02,73,Sports Club,Pilot,Yes,OBC
STU-3399,AI/ML,2,3,8.42,68,Robotics Club,Software Engineer,No,OBC
STU-3400,CT,2,3,6.96,81,Music Club,AI Engineer,No,OBC
STU-3401,ETC,3,6,9.6,96,NSS,Software Engineer,Yes,
STU-3402,CE,4,7,6.76,77,Music Club,Robotics Engineer,No,EWS
STU-3403,RE,1,2,8.02,87,Drama Club,Professor,Yes,ST
STU-3404,AE,2,4,7.59,60,Coding Club,Software Engineer,Yes,EWS
STU-3405,AE,2,4,8.77,95,Sports Club,Pilot,Yes,SC
STU-3406,ETC,1,2,8.7,100,NCC,Software Engineer,No,
STU-3407,EC,4,7,7.42,88,Robotics Club,Entrepreneur,No,
STU-3408,ME,1,1,6.08,66,Robotics Club,Data Scientist,No,
STU-3409,DS,1,1,8.0,72,NCC,Research Scientist,Yes,Merit
STU-3410,EE,2,3,7.21,81,Robotics Club,Professor,Yes,ST
STU-3411,RE,4,7,7.35,86,Robotics Club,Data Scientist,Yes,ST
STU-3412,AI/ML,2,4,9.82,66,Coding Club,Data Scientist,No,ST
STU-3413,CT,4,7,7.26,80,NSS,Pilot,No,Merit
STU-3414,IIOT,4,7,6.61,91,Photography Club,Research Scientist,Yes,SC
STU-3415,AI/ML,4,7,7.44,78,Sports Club,Professor,No,EWS
STU-3416,CS,1,2,7.76,86,Robotics Club,Data Scientist,No,
STU-3417,AI/ML,1,1,8.41,92,NSS,Data Scientist,Yes,OBC
STU-3418,ETC,1,2,8.84,98,Robotics Club,Robotics Engineer,No,
STU-3419,ETC,4,7,8.57,98,Music Club,Professor,No,EWS
STU-3420,AE,3,6,9.16,69,Coding Club,AI Engineer,Yes,EWS
STU-3421,IT,2,4,8.71,83,Music Club,Research Scientist,Yes,EWS
STU-3422,CS,2,3,8.3,61,Photography Club,Data Scientist,Yes,OBC
STU-3423,AE,1,2,7.2,71,Robotics Club,Research Scientist,No,ST
STU-3424,AI/ML,2,4,5.56,82,Drama Club,AI Engineer,Yes,OBC
STU-3425,AI/ML,1,1,9.46,64,Sports Club,Robotics Engineer,No,Merit
STU-3426,DS,4,8,6.02,80,Robotics Club,Robotics Engineer,No,SC
STU-3427,IIOT,2,3,5.54,94,NSS,Robotics Engineer,No,Merit
STU-3428,ME,3,5,7.7,62,Coding Club,Software Engineer,No,EWS
STU-3429,CE,1,1,7.23,100,Coding Club,Software Engineer,Yes,SC
STU-3430,DS,4,8,8.91,81,Sports Club,AI Engineer,Yes,ST
STU-3431,RE,3,6,9.49,100,Sports Club,Research Scientist,Yes,EWS
STU-3432,AE,1,2,6.44,72,Photography Club,Robotics Engineer,Yes,
STU-3433,IIOT,2,4,6.21,76,Photography Club,Entrepreneur,No,EWS
STU-3434,RE,1,2,9.81,98,NCC,Research Scientist,No,
STU-3435,EE,3,6,5.75,84,Music Club,Entrepreneur,No,EWS
STU-3436,IIOT,2,4,8.16,83,Sports Club,Pilot,No,OBC
STU-3437,ETC,3,6,7.78,95,Robotics Club,AI Engineer,Yes,SC
STU-3438,CE,1,2,9.23,77,Coding Club,Robotics Engineer,Yes,ST
STU-3439,IT,2,3,8.15,62,Drama Club,Pilot,Yes,EWS
STU-3440,ME,1,2,6.47,82,NSS,Robotics Engineer,Yes,SC
STU-3441,IT,1,1,8.31,88,Music Club,Pilot,Yes,SC
STU-3442,EC,2,4,8.34,70,NSS,Professor,No,
STU-3443,CE,4,7,6.36,66,Photography Club,Professor,Yes,
STU-3444,DS,3,5,9.09,91,Coding Club,Entrepreneur,Yes,Merit
STU-3445,IT,2,4,8.88,74,Photography Club,Data Scientist,Yes,ST
STU-3446,CE,3,5,5.72,81,NCC,Robotics Engineer,No,
STU-3447,CT,2,4,9.32,93,Drama Club,Software Engineer,No,SC
STU-3448,IT,1,2,5.82,78,Coding Club,Entrepreneur,Yes,EWS
STU-3449,AI/ML,2,4,7.1,70,NSS,Professor,Yes,ST
STU-3450,RE,2,4,5.82,63,Coding Club,Professor,Yes,OBC
STU-3451,CS,4,7,7.35,89,NCC,Robotics Engineer,No,OBC
STU-3452,ETC,3,5,9.57,95,Music Club,Entrepreneur,No,OBC
STU-3453,CE,4,7,9.87,76,Music Club,Data Scientist,No,OBC
STU-3454,RE,2,4,5.82,78,NSS,Software Engineer,No,Merit
STU-3455,ETC,3,6,5.61,71,NSS,Pilot,No,
STU-3456,EC,3,5,8.89,99,NSS,Professor,No,OBC
STU-3457,ETC,3,6,6.68,97,Photography Club,AI Engineer,No,
STU-3458,CT,2,4,8.84,73,Photography Club,Research Scientist,Yes,OBC
STU-3459,EC,4,8,9.67,62,NSS,Entrepreneur,No,SC
STU-3460,IIOT,1,2,6.66,88,Robotics Club,Pilot,Yes,Merit
STU-3461,CT,4,8,9.12,74,Photography Club,Entrepreneur,Yes,EWS
STU-3462,EC,2,4,8.58,74,NSS,Robotics Engineer,Yes,ST
STU-3463,AI/ML,1,2,8.12,80,Coding Club,Entrepreneur,Yes,EWS
STU-3464,EC,3,5,8.89,96,Drama Club,Professor,No,SC
STU-3465,ETC,3,5,7.39,77,Coding Club,AI Engineer,Yes,OBC
STU-3466,EE,3,6,6.2,73,Robotics Club,Pilot,No,Merit
STU-3467,ME,2,4,9.36,72,Music Club,Professor,No,EWS
STU-3468,EC,2,3,8.16,99,Photography Club,Software Engineer,Yes,Merit
STU-3469,AE,2,3,7.89,66,Coding Club,Research Scientist,Yes,ST
STU-3470,IT,1,1,8.33,100,Coding Club,Software Engineer,Yes,OBC
STU-3471,EE,3,5,9.05,85,Coding Club,Software Engineer,No,
STU-3472,CE,3,6,6.23,83,NSS,AI Engineer,No,ST
STU-3473,ME,2,3,8.55,65,Drama Club,Robotics Engineer,Yes,Merit
STU-3474,IT,4,8,6.29,75,NSS,Professor,Yes,ST
STU-3475,RE,4,7,9.82,70,Music Club,Software Engineer,No,OBC
STU-3476,DS,4,7,7.11,74,NSS,Data Scientist,Yes,OBC
STU-3477,ETC,2,4,5.61,91,Coding Club,Research Scientist,No,SC
STU-3478,IT,4,8,7.11,90,Coding Club,Entrepreneur,Yes,ST
STU-3479,EC,2,4,6.52,74,NCC,Data Scientist,No,ST
STU-3480,EC,1,1,8.31,94,Sports Club,Software Engineer,Yes,OBC
STU-3481,DS,1,1,5.51,67,Drama Club,Data Scientist,Yes,Merit
STU-3482,AE,3,5,9.77,81,Sports Club,Software Engineer,No,EWS
STU-3483,AE,1,2,7.25,78,Robotics Club,Software Engineer,Yes,EWS
STU-3484,EC,3,5,5.82,61,Coding Club,Robotics Engineer,Yes,ST
STU-3485,CS,3,6,6.81,62,Drama Club,Data Scientist,Yes,Merit
STU-3486,IT,2,3,7.7,62,Photography Club,Research Scientist,No,EWS
STU-3487,CT,4,8,6.45,77,Drama Club,Entrepreneur,No,OBC
STU-3488,IIOT,3,5,6.26,81,NSS,Professor,Yes,SC
STU-3489,AE,1,1,8.38,77,Coding Club,Research Scientist,Yes,EWS
STU-3490,EC,1,1,9.3,82,Sports Club,Robotics Engineer,No,OBC
STU-3491,RE,2,4,8.97,91,Sports Club,Professor,Yes,
STU-3492,CS,3,5,7.51,71,Coding Club,Research Scientist,No,EWS
STU-3493,IIOT,2,4,9.04,63,Robotics Club,Software Engineer,No,ST
STU-3494,DS,4,8,6.52,84,Music Club,Software Engineer,Yes,EWS
STU-3495,AI/ML,4,7,6.9,98,NCC,Data Scientist,No,SC
STU-3496,AE,1,2,6.09,65,Photography Club,Entrepreneur,Yes,SC
STU-3497,EC,1,2,5.98,87,Photography Club,Robotics Engineer,Yes,SC
STU-3498,ETC,2,4,6.83,68,Drama Club,AI Engineer,No,Merit
STU-3499,DS,1,1,6.86,67,NSS,Pilot,Yes,OBC
STU-3500,CT,3,5,5.81,77,Robotics Club,Robotics Engineer,Yes,EWS
STU-3501,AI/ML,2,4,7.77,60,NCC,Research Scientist,Yes,
STU-3502,CE,2,4,8.39,66,Coding Club,Software Engineer,Yes,SC
STU-3503,CE,4,7,5.99,78,Sports Club,AI Engineer,Yes,Merit
STU-3504,AI/ML,4,7,6.39,89,NSS,Robotics Engineer,No,Merit
STU-3505,ME,2,3,6.52,93,Sports Club,Pilot,Yes,EWS
STU-3506,RE,2,3,7.58,89,Music Club,Pilot,No,OBC
STU-3507,AE,3,5,8.02,68,NCC,Entrepreneur,Yes,OBC
STU-3508,CS,4,7,5.89,93,Drama Club,Software Engineer,No,OBC
STU-3509,CS,1,1,7.78,68,Robotics Club,Pilot,Yes,Merit
STU-3510,AE,1,1,7.57,63,Drama Club,Professor,Yes,ST
STU-3511,DS,2,3,7.55,60,NSS,Data Scientist,No,OBC
STU-3512,IT,1,2,9.44,94,Robotics Club,AI Engineer,No,
STU-3513,CT,3,6,5.86,74,Coding Club,Robotics Engineer,No,EWS
STU-3514,AE,2,4,8.67,63,Robotics Club,AI Engineer,No,SC
STU-3515,AE,1,1,9.27,82,Coding Club,Entrepreneur,Yes,EWS
STU-3516,DS,1,2,8.61,89,Coding Club,Robotics Engineer,No,OBC
STU-3517,ETC,4,8,6.41,79,NSS,Software Engineer,Yes,EWS
STU-3518,EE,4,7,6.48,78,Coding Club,Data Scientist,Yes,OBC
STU-3519,IT,1,1,8.46,97,Robotics Club,AI Engineer,No,ST
STU-3520,CT,4,7,8.7,63,Coding Club,Pilot,No,SC
STU-3521,ETC,2,4,9.87,72,Sports Club,Entrepreneur,No,Merit
STU-3522,IIOT,4,8,8.96,64,Photography Club,Robotics Engineer,No,SC
STU-3523,DS,4,7,9.4,93,Sports Club,Professor,Yes,
STU-3524,CT,2,4,9.69,78,Sports Club,AI Engineer,No,SC
STU-3525,IIOT,2,4,8.85,74,Photography Club,Professor,Yes,EWS
STU-3526,ETC,3,5,7.84,72,NSS,Robotics Engineer,Yes,OBC
STU-3527,AE,4,7,7.57,85,Music Club,Robotics Engineer,No,
STU-3528,IT,2,3,5.76,93,Drama Club,Professor,Yes,ST
STU-3529,IIOT,3,6,9.86,84,Coding Club,Data Scientist,No,Merit
STU-3530,EC,2,4,8.29,71,Robotics Club,Entrepreneur,Yes,ST
STU-3531,AI/ML,2,3,9.44,71,Robotics Club,Robotics Engineer,Yes,EWS
STU-3532,ETC,1,1,8.74,77,NCC,Entrepreneur,No,
STU-3533,RE,3,6,7.18,77,Sports Club,Research Scientist,Yes,
STU-3534,EE,4,7,7.56,66,NSS,Pilot,No,
STU-3535,CT,1,2,6.0,87,Robotics Club,Software Engineer,No,
STU-3536,EE,3,6,5.51,74,Photography Club,Data Scientist,Yes,EWS
STU-3537,DS,3,6,5.55,80,Coding Club,Pilot,Yes,OBC
STU-3538,DS,3,5,6.72,70,Sports Club,Entrepreneur,No,
STU-3539,CT,2,3,8.48,72,Sports Club,Professor,No,SC
STU-3540,ETC,4,8,7.7,67,NCC,Data Scientist,Yes,
STU-3541,ME,4,8,9.34,80,NSS,Pilot,Yes,
STU-3542,AI/ML,4,8,7.14,60,Photography Club,Professor,Yes,OBC
STU-3543,EC,2,4,7.69,72,NSS,Entrepreneur,Yes,EWS
STU-3544,CE,1,1,7.66,64,Photography Club,Robotics Engineer,No,OBC
STU-3545,EE,3,6,7.79,99,Coding Club,Data Scientist,Yes,Merit
STU-3546,CS,2,3,5.67,66,Coding Club,Data Scientist,No,
STU-3547,CS,4,7,6.44,79,Photography Club,Data Scientist,No,EWS
STU-3548,RE,4,8,9.14,64,Coding Club,Data Scientist,Yes,ST
STU-3549,IIOT,2,3,5.55,86,Music Club,AI Engineer,No,EWS
STU-3550,CS,1,2,7.13,79,Coding Club,Research Scientist,Yes,Merit
STU-3551,AE,2,4,8.93,97,Music Club,AI Engineer,Yes,
STU-3552,AI/ML,2,3,8.29,78,Music Club,Robotics Engineer,No,EWS
STU-3553,ME,3,6,8.7,74,Robotics Club,Entrepreneur,Yes,ST
STU-3554,ME,1,2,9.3,78,NSS,Research Scientist,No,
STU-3555,EE,2,3,8.36,90,Photography Club,Entrepreneur,Yes,
STU-3556,CS,4,8,6.62,87,Photography Club,Data Scientist,No,
STU-3557,IIOT,4,7,8.9,86,Sports Club,AI Engineer,No,EWS
STU-3558,EE,4,7,8.9,66,Sports Club,Robotics Engineer,No,OBC
STU-3559,ME,3,6,9.03,63,Sports Club,Robotics Engineer,Yes,Merit
STU-3560,CS,3,6,7.42,95,NCC,Research Scientist,No,
STU-3561,CE,1,2,8.36,72,Drama Club,Data Scientist,No,OBC
STU-3562,IT,1,2,7.42,68,NCC,Robotics Engineer,No,ST
STU-3563,ME,3,6,7.81,83,Robotics Club,Research Scientist,Yes,
STU-3564,RE,1,2,7.26,60,Music Club,AI Engineer,Yes,
STU-3565,DS,1,1,8.51,78,Drama Club,Entrepreneur,Yes,
STU-3566,EC,3,5,6.48,91,Photography Club,AI Engineer,No,SC
STU-3567,IIOT,4,7,7.89,97,NCC,Professor,Yes,
STU-3568,EC,1,2,8.51,74,Photography Club,AI Engineer,No,SC
STU-3569,IT,3,6,6.53,97,Coding Club,Software Engineer,Yes,EWS
STU-3570,EC,1,2,9.47,73,NCC,Data Scientist,Yes,OBC
STU-3571,AE,2,4,6.97,95,Music Club,Research Scientist,Yes,Merit
STU-3572,CT,1,1,8.46,68,Sports Club,AI Engineer,Yes,
STU-3573,IT,2,4,9.28,91,NSS,Research Scientist,Yes,EWS
STU-3574,EE,1,1,5.91,96,Sports Club,AI Engineer,No,EWS
STU-3575,CS,1,1,8.53,60,Photography Club,Pilot,No,SC
STU-3576,RE,1,1,6.74,65,Music Club,Entrepreneur,No,OBC
STU-3577,CE,2,4,8.77,88,Sports Club,Software Engineer,No,Merit
STU-3578,ME,1,2,9.31,82,Sports Club,Pilot,Yes,Merit
STU-3579,CT,2,4,9.15,66,NCC,Pilot,Yes,
STU-3580,AE,1,1,6.69,96,Coding Club,Professor,No,Merit
STU-3581,CT,4,7,8.93,80,Robotics Club,Pilot,Yes,OBC
STU-3582,AI/ML,4,7,6.21,94,NCC,Data Scientist,No,ST
STU-3583,CS,1,2,9.58,85,Drama Club,Software Engineer,Yes,SC
STU-3584,IT,3,5,6.28,96,Photography Club,Software Engineer,Yes,ST
STU-3585,CE,2,3,6.36,68,NSS,Entrepreneur,No,OBC
STU-3586,ETC,4,8,7.86,85,Sports Club,Professor,Yes,OBC
STU-3587,EC,1,1,8.76,73,Photography Club,Research Scientist,No,Merit
STU-3588,IIOT,3,6,8.77,90,NSS,Robotics Engineer,No,OBC
STU-3589,EC,3,5,7.0,86,Music Club,Pilot,Yes,OBC
STU-3590,IIOT,2,3,9.1,71,Sports Club,Entrepreneur,Yes,EWS
STU-3591,AE,2,3,6.86,100,Robotics Club,Software Engineer,Yes,SC
STU-3592,EC,3,6,5.67,70,Music Club,Research Scientist,Yes,EWS
STU-3593,AI/ML,3,5,7.91,85,NCC,Robotics Engineer,No,Merit
STU-3594,CS,4,7,9.65,76,NCC,Professor,No,EWS
STU-3595,AI/ML,3,6,8.37,98,Drama Club,Robotics Engineer,Yes,SC
STU-3596,CE,3,6,8.18,85,Drama Club,Software Engineer,Yes,
STU-3597,CE,3,6,7.22,71,NSS,Data Scientist,No,OBC
STU-3598,EC,3,6,7.97,61,Drama Club,Data Scientist,No,EWS
STU-3599,CT,3,5,8.05,83,Music Club,AI Engineer,Yes,OBC
STU-3600,EE,1,2,6.13,69,Drama Club,Data Scientist,No,ST
STU-3601,ME,2,3,8.1,86,NSS,AI Engineer,No,SC
STU-3602,AI/ML,4,7,5.64,96,Coding Club,Software Engineer,Yes,OBC
STU-3603,RE,2,4,7.31,100,NCC,Pilot,Yes,OBC
STU-3604,EE,3,6,7.16,77,NCC,AI Engineer,Yes,OBC
STU-3605,CT,1,2,5.83,83,NCC,Pilot,Yes,
STU-3606,ETC,1,1,5.6,73,Robotics Club,Research Scientist,No,EWS
STU-3607,IT,2,3,7.04,96,Photography Club,Entrepreneur,Yes,
STU-3608,AI/ML,2,3,9.52,82,NCC,Software Engineer,Yes,Merit
STU-3609,ETC,4,7,8.3,94,Sports Club,Robotics Engineer,Yes,OBC
STU-3610,ME,4,7,7.72,96,Music Club,Research Scientist,Yes,EWS
STU-3611,ETC,1,2,9.73,82,Sports Club,Research Scientist,Yes,
STU-3612,CS,1,1,6.81,94,Sports Club,Entrepreneur,No,Merit
STU-3613,CT,2,4,5.94,81,Sports Club,Software Engineer,No,
STU-3614,CS,3,5,8.52,98,Sports Club,Pilot,No,EWS
STU-3615,AI/ML,1,1,7.93,77,Photography Club,Research Scientist,No,Merit
STU-3616,IT,3,5,6.85,89,Drama Club,Robotics Engineer,Yes,Merit
STU-3617,ME,2,3,6.36,89,Sports Club,Professor,No,Merit
STU-3618,RE,1,1,5.81,93,Drama Club,Entrepreneur,No,Merit
STU-3619,IIOT,4,8,7.86,69,Photography Club,Data Scientist,No,OBC
STU-3620,EE,1,1,8.7,71,Robotics Club,Robotics Engineer,No,Merit
STU-3621,EC,1,1,5.86,66,Music Club,AI Engineer,Yes,EWS
STU-3622,ETC,3,5,8.26,64,Drama Club,Entrepreneur,No,
STU-3623,RE,4,7,8.95,68,NCC,Research Scientist,Yes,
STU-3624,AI/ML,2,3,9.79,80,NCC,Professor,No,EWS
STU-3625,IT,3,5,6.23,92,Coding Club,Research Scientist,No,OBC
STU-3626,IT,3,5,8.69,64,NCC,AI Engineer,Yes,ST
STU-3627,IT,4,8,6.8,72,NCC,Entrepreneur,No,EWS
STU-3628,CT,3,6,6.95,75,Coding Club,Robotics Engineer,No,Merit
STU-3629,RE,2,3,7.23,92,Photography Club,Entrepreneur,No,OBC
STU-3630,ME,4,7,7.33,99,Photography Club,Entrepreneur,Yes,SC
STU-3631,IIOT,2,4,8.26,72,Sports Club,Entrepreneur,Yes,EWS
STU-3632,RE,4,8,9.09,64,Music Club,Pilot,No,OBC
STU-3633,AE,3,6,8.43,79,NSS,Data Scientist,Yes,Merit
STU-3634,IIOT,4,7,5.92,94,NCC,Research Scientist,No,SC
STU-3635,EE,4,8,9.82,90,Drama Club,Entrepreneur,No,ST
STU-3636,CS,1,1,6.05,94,Sports Club,Entrepreneur,No,OBC
STU-3637,CT,3,5,5.66,84,Drama Club,Pilot,No,Merit
STU-3638,ME,3,6,5.81,73,Sports Club,Software Engineer,No,SC
STU-3639,RE,3,6,8.56,77,Photography Club,Entrepreneur,Yes,ST
STU-3640,CS,4,7,9.74,83,NSS,Pilot,Yes,ST
STU-3641,AE,4,7,7.71,91,NSS,AI Engineer,Yes,OBC
STU-3642,CE,1,1,5.85,82,Music Club,Software Engineer,No,
STU-3643,RE,2,4,6.35,76,Music Club,Professor,Yes,OBC
STU-3644,CE,4,8,7.84,94,Robotics Club,Research Scientist,No,SC
STU-3645,IT,1,2,6.73,81,Robotics Club,Entrepreneur,Yes,ST
STU-3646,CS,1,2,6.79,79,Coding Club,Pilot,Yes,EWS
STU-3647,ME,4,7,6.45,69,Robotics Club,Research Scientist,Yes,Merit
STU-3648,IT,2,4,6.59,100,Robotics Club,AI Engineer,No,Merit
STU-3649,AE,4,7,9.86,65,Music Club,Robotics Engineer,No,ST
STU-3650,IIOT,1,1,7.45,69,NSS,AI Engineer,No,ST
STU-3651,ME,1,2,7.13,76,Sports Club,AI Engineer,No,
STU-3652,CS,1,2,7.72,62,Sports Club,Software Engineer,Yes,SC
STU-3653,DS,2,3,6.97,90,NCC,Data Scientist,No,OBC
STU-3654,ETC,2,4,9.87,80,Coding Club,Professor,Yes,EWS
STU-3655,ME,2,3,8.94,75,NCC,Data Scientist,Yes,OBC
STU-3656,EE,4,8,8.53,83,Robotics Club,Research Scientist,Yes,EWS
STU-3657,IIOT,1,1,8.79,84,Photography Club,Data Scientist,Yes,ST
STU-3658,EC,2,4,8.38,85,NSS,Entrepreneur,Yes,OBC
STU-3659,AE,3,6,9.85,90,Sports Club,Software Engineer,Yes,Merit
STU-3660,EE,3,6,8.31,70,NCC,AI Engineer,Yes,
STU-3661,IT,4,7,8.02,61,Photography Club,Research Scientist,No,
STU-3662,CT,3,6,7.05,100,Music Club,Pilot,No,EWS
STU-3663,CS,3,5,7.99,78,Robotics Club,Software Engineer,Yes,SC
STU-3664,ME,4,8,9.6,95,Coding Club,Entrepreneur,Yes,ST
STU-3665,IT,1,2,7.7,87,Music Club,Research Scientist,Yes,ST
STU-3666,IT,1,2,6.28,76,Drama Club,Entrepreneur,No,EWS
STU-3667,CE,2,3,7.76,84,NCC,Pilot,No,EWS
STU-3668,RE,2,4,6.45,68,Music Club,Pilot,Yes,Merit
STU-3669,AI/ML,3,6,8.46,96,Drama Club,Data Scientist,Yes,EWS
STU-3670,ETC,3,6,8.68,60,Robotics Club,AI Engineer,No,EWS
STU-3671,ETC,2,4,8.49,66,Music Club,Professor,No,
STU-3672,CT,2,3,9.27,89,NCC,Data Scientist,Yes,EWS
STU-3673,IIOT,1,1,6.48,84,Robotics Club,Pilot,Yes,Merit
STU-3674,IIOT,1,1,7.72,68,NSS,Research Scientist,Yes,ST
STU-3675,IIOT,1,1,9.04,66,NSS,Research Scientist,No,ST
STU-3676,ME,1,2,6.14,86,NCC,Software Engineer,Yes,ST
STU-3677,EE,4,7,8.71,77,NCC,Pilot,Yes,SC
STU-3678,EE,3,6,6.65,80,Photography Club,Pilot,Yes,ST
STU-3679,IIOT,3,6,6.09,64,Music Club,AI Engineer,Yes,ST
STU-3680,ETC,2,3,5.58,93,Coding Club,Robotics Engineer,Yes,
STU-3681,IIOT,3,6,6.64,67,NSS,Entrepreneur,Yes,OBC
STU-3682,ETC,3,5,6.33,85,Music Club,Research Scientist,Yes,SC
STU-3683,IT,3,5,7.56,77,NCC,Research Scientist,Yes,SC
STU-3684,EE,2,3,9.54,82,Photography Club,Pilot,Yes,
STU-3685,IT,3,5,7.96,75,NSS,Robotics Engineer,No,SC
STU-3686,AI/ML,4,7,6.34,94,Drama Club,Pilot,No,
STU-3687,ME,4,7,8.79,80,NCC,Pilot,Yes,
STU-3688,ME,1,2,6.09,77,Music Club,Robotics Engineer,Yes,ST
STU-3689,RE,1,2,8.81,91,Sports Club,Software Engineer,Yes,EWS
STU-3690,CS,1,1,9.51,81,Coding Club,Robotics Engineer,No,ST
STU-3691,IIOT,3,6,8.81,75,Coding Club,Pilot,No,EWS
STU-3692,ETC,4,8,7.59,100,Robotics Club,Research Scientist,No,SC
STU-3693,DS,3,6,9.17,94,Music Club,Data Scientist,Yes,SC
STU-3694,IIOT,2,4,8.11,79,Sports Club,Pilot,No,EWS
STU-3695,DS,3,5,6.55,98,Photography Club,Data Scientist,No,EWS
STU-3696,CE,1,1,7.69,79,NCC,Robotics Engineer,No,Merit
STU-3697,AE,4,7,6.84,72,Music Club,Professor,Yes,SC
STU-3698,ETC,1,1,8.36,63,Coding Club,Entrepreneur,Yes,OBC
STU-3699,ETC,3,5,7.8,89,Photography Club,Software Engineer,Yes,SC
STU-3700,EE,1,2,5.62,89,NCC,Data Scientist,No,Merit
STU-3701,ETC,2,4,9.04,86,Drama Club,AI Engineer,Yes,EWS
STU-3702,RE,2,4,6.38,83,Robotics Club,Robotics Engineer,No,OBC
STU-3703,AI/ML,2,4,7.39,79,Music Club,Entrepreneur,No,OBC
STU-3704,CE,4,8,8.28,79,Coding Club,Entrepreneur,Yes,OBC
STU-3705,ETC,1,2,5.97,81,Robotics Club,Software Engineer,Yes,EWS
STU-3706,EC,3,6,5.89,87,Robotics Club,Professor,Yes,SC
STU-3707,RE,1,1,8.97,61,Music Club,Research Scientist,Yes,ST
STU-3708,IIOT,2,3,9.49,85,Drama Club,AI Engineer,No,Merit
STU-3709,AE,2,3,6.04,72,Music Club,Research Scientist,Yes,SC
STU-3710,CT,4,7,6.87,75,NSS,AI Engineer,Yes,OBC
STU-3711,CE,2,4,9.54,67,NSS,AI Engineer,Yes,OBC
STU-3712,ME,1,2,8.14,99,NCC,Entrepreneur,No,EWS
STU-3713,CS,2,3,5.59,95,Coding Club,Pilot,No,Merit
STU-3714,AE,1,2,7.88,89,Music Club,Software Engineer,Yes,OBC
STU-3715,IT,2,3,8.41,84,NCC,Entrepreneur,No,EWS
STU-3716,ETC,1,2,8.46,67,Drama Club,Pilot,Yes,Merit
STU-3717,CT,4,7,5.55,84,Sports Club,Entrepreneur,Yes,EWS
STU-3718,EC,1,2,7.92,82,Robotics Club,Data Scientist,Yes,
STU-3719,EC,1,2,7.4,87,NCC,Research Scientist,Yes,Merit
STU-3720,DS,2,3,8.68,97,Drama Club,Research Scientist,No,
STU-3721,AI/ML,3,5,7.6,93,Sports Club,Robotics Engineer,No,Merit
STU-3722,ETC,1,1,9.46,71,Robotics Club,Software Engineer,Yes,Merit
STU-3723,CT,4,7,6.25,85,NSS,Entrepreneur,Yes,OBC
STU-3724,RE,1,2,8.6,78,Coding Club,Data Scientist,Yes,SC
STU-3725,RE,1,1,9.8,95,NCC,Pilot,No,Merit
STU-3726,CS,2,4,8.08,100,Coding Club,Professor,No,
STU-3727,EC,1,2,8.38,81,NCC,Professor,No,ST
STU-3728,RE,2,4,6.44,66,Drama Club,AI Engineer,Yes,SC
STU-3729,EE,2,4,9.25,74,Sports Club,AI Engineer,Yes,EWS
STU-3730,AI/ML,4,8,8.48,86,Music Club,Software Engineer,Yes,SC
STU-3731,CT,3,6,6.79,69,NCC,Robotics Engineer,No,EWS
STU-3732,CS,1,1,8.92,84,Photography Club,Pilot,No,EWS
STU-3733,ETC,3,6,7.01,75,Sports Club,Data Scientist,Yes,OBC
STU-3734,EE,4,7,5.96,78,Music Club,Data Scientist,Yes,
STU-3735,IT,4,7,8.2,93,Robotics Club,Software Engineer,No,Merit
STU-3736,RE,1,1,9.29,94,Drama Club,Professor,No,
STU-3737,EE,3,6,7.12,84,NSS,Pilot,No,
STU-3738,AE,2,3,8.33,75,Sports Club,Pilot,Yes,EWS
STU-3739,RE,4,8,6.42,64,Sports Club,AI Engineer,Yes,EWS
STU-3740,ETC,2,3,8.27,71,NSS,Robotics Engineer,No,
STU-3741,ME,3,5,8.07,93,Robotics Club,Entrepreneur,Yes,EWS
STU-3742,ME,1,2,9.29,88,Music Club,Data Scientist,No,EWS
STU-3743,RE,1,2,8.62,65,Photography Club,Professor,No,EWS
STU-3744,AI/ML,4,8,7.2,89,Photography Club,Pilot,No,Merit
STU-3745,CT,4,7,9.01,74,NSS,Software Engineer,No,OBC
STU-3746,CE,3,6,7.62,90,Photography Club,Pilot,Yes,SC
STU-3747,CE,3,6,5.68,63,NSS,Entrepreneur,Yes,Merit
STU-3748,DS,4,8,7.44,71,NCC,Research Scientist,Yes,Merit
STU-3749,EE,2,3,8.32,90,Drama Club,Research Scientist,Yes,OBC
STU-3750,ME,3,6,9.24,65,Music Club,Professor,Yes,ST
STU-3751,DS,4,8,6.41,80,Music Club,Data Scientist,Yes,
STU-3752,DS,2,4,8.86,66,Sports Club,Entrepreneur,Yes,ST
STU-3753,DS,4,8,9.48,66,NCC,Research Scientist,Yes,Merit
STU-3754,DS,4,8,9.35,80,Photography Club,Software Engineer,Yes,ST
STU-3755,EE,1,2,8.29,82,Music Club,Professor,Yes,EWS
STU-3756,AE,2,4,8.47,69,NSS,Professor,No,SC
STU-3757,CE,4,7,9.03,90,Photography Club,Software Engineer,Yes,Merit
STU-3758,ETC,3,6,8.24,78,NCC,Pilot,Yes,SC
STU-3759,ETC,2,4,7.33,79,Music Club,AI Engineer,Yes,EWS
STU-3760,CS,3,6,6.43,80,NCC,AI Engineer,No,EWS
STU-3761,EE,3,5,5.69,68,Photography Club,Data Scientist,No,Merit
STU-3762,IT,1,1,7.8,92,Robotics Club,Professor,Yes,EWS
STU-3763,ETC,4,8,6.93,63,NSS,AI Engineer,No,SC
STU-3764,CS,4,7,8.04,91,NCC,Pilot,No,ST
STU-3765,RE,2,3,9.13,61,NCC,Professor,No,ST
STU-3766,RE,4,8,6.11,77,Robotics Club,Research Scientist,No,EWS
STU-3767,AE,2,3,9.43,87,Robotics Club,AI Engineer,No,
STU-3768,EE,2,4,9.38,66,Drama Club,Pilot,No,ST
STU-3769,IT,4,7,5.7,90,NSS,Software Engineer,No,
STU-3770,DS,1,2,7.37,61,Coding Club,Software Engineer,Yes,OBC
STU-3771,AI/ML,4,7,9.04,90,Photography Club,Robotics Engineer,Yes,ST
STU-3772,AI/ML,4,8,6.48,78,Music Club,Research Scientist,No,
STU-3773,DS,3,5,7.82,65,Robotics Club,Software Engineer,Yes,OBC
STU-3774,AI/ML,2,3,9.66,80,NCC,Data Scientist,Yes,ST
STU-3775,AI/ML,4,7,8.7,91,Sports Club,Pilot,No,SC
STU-3776,ME,1,2,6.73,70,Music Club,Data Scientist,Yes,SC
STU-3777,AE,3,5,9.56,97,Robotics Club,Robotics Engineer,Yes,ST
STU-3778,CE,2,3,5.7,78,NSS,Professor,Yes,EWS
STU-3779,CE,4,8,6.73,68,Robotics Club,Professor,Yes,EWS
STU-3780,RE,3,5,9.74,100,NCC,Software Engineer,Yes,Merit
STU-3781,AI/ML,1,1,9.44,71,Music Club,Pilot,Yes,
STU-3782,RE,2,3,9.51,96,Music Club,Data Scientist,No,SC
STU-3783,CE,1,1,7.65,71,Robotics Club,AI Engineer,No,
STU-3784,IT,1,2,5.81,74,Photography Club,Robotics Engineer,Yes,ST
STU-3785,IIOT,2,4,9.19,72,NSS,Research Scientist,No,
STU-3786,RE,4,7,7.22,80,Drama Club,Research Scientist,No,ST
STU-3787,CT,2,3,6.42,74,Music Club,Robotics Engineer,No,OBC
STU-3788,RE,4,7,6.17,62,NCC,Entrepreneur,No,Merit
STU-3789,DS,4,8,6.22,86,Sports Club,Pilot,Yes,SC
STU-3790,EE,4,7,6.15,98,Sports Club,Pilot,Yes,Merit
STU-3791,AI/ML,2,3,6.12,83,Sports Club,Research Scientist,No,OBC
STU-3792,AE,3,5,9.7,99,Music Club,Robotics Engineer,No,
STU-3793,RE,3,5,6.77,87,NSS,Professor,Yes,ST
STU-3794,EC,2,4,9.27,100,Drama Club,Pilot,Yes,Merit
STU-3795,ETC,4,7,6.69,86,Coding Club,Pilot,No,Merit
STU-3796,CS,2,3,5.54,61,Photography Club,Entrepreneur,No,
STU-3797,ME,2,4,5.86,69,Music Club,Professor,Yes,SC
STU-3798,DS,4,7,5.81,72,Robotics Club,Data Scientist,No,OBC
STU-3799,RE,3,5,9.65,81,Drama Club,AI Engineer,Yes,Merit
STU-3800,RE,2,3,8.08,63,Drama Club,Professor,No,
STU-3801,AI/ML,1,2,8.66,84,Robotics Club,Professor,Yes,SC
STU-3802,AI/ML,3,6,9.87,96,NCC,AI Engineer,Yes,OBC
STU-3803,ME,4,8,5.81,79,Music Club,Robotics Engineer,No,ST
STU-3804,EC,2,3,9.0,68,Robotics Club,Pilot,No,EWS
STU-3805,ME,3,5,8.95,70,Photography Club,Professor,Yes,ST
STU-3806,AI/ML,4,7,5.51,67,Coding Club,Data Scientist,Yes,ST
STU-3807,CE,1,1,5.94,100,Photography Club,AI Engineer,No,Merit
STU-3808,ME,2,4,8.36,78,Music Club,Software Engineer,No,EWS
STU-3809,EE,2,4,9.77,69,Coding Club,Software Engineer,Yes,SC
STU-3810,EC,1,1,8.28,82,Drama Club,Robotics Engineer,Yes,ST
STU-3811,EC,3,5,9.65,70,Drama Club,Pilot,No,SC
STU-3812,CE,2,3,8.7,72,NSS,AI Engineer,Yes,SC
STU-3813,EE,2,3,7.45,98,Photography Club,Software Engineer,No,
STU-3814,CT,1,2,7.16,76,NSS,Entrepreneur,Yes,EWS
STU-3815,AI/ML,2,3,9.52,76,NCC,Research Scientist,No,OBC
STU-3816,ETC,1,2,9.07,71,Music Club,Software Engineer,Yes,EWS
STU-3817,AI/ML,4,7,5.62,67,NSS,Robotics Engineer,No,OBC
STU-3818,IT,4,7,8.84,87,Coding Club,Research Scientist,No,EWS
STU-3819,AI/ML,1,2,8.06,76,NCC,Pilot,No,EWS
STU-3820,ME,2,3,5.62,98,Coding Club,Data Scientist,Yes,EWS
STU-3821,AI/ML,4,8,9.34,67,Music Club,Research Scientist,No,ST
STU-3822,IT,1,2,7.62,90,Music Club,Professor,Yes,SC
STU-3823,ME,3,5,6.92,64,Photography Club,Entrepreneur,Yes,EWS
STU-3824,CE,4,7,5.82,89,NSS,Data Scientist,No,
STU-3825,CS,2,3,6.01,73,Sports Club,Research Scientist,Yes,OBC
STU-3826,CE,4,7,9.24,93,Robotics Club,Software Engineer,Yes,OBC
STU-3827,EE,4,7,8.09,79,Robotics Club,Pilot,No,OBC
STU-3828,ME,1,2,6.16,69,Music Club,Research Scientist,Yes,SC
STU-3829,IIOT,3,5,6.26,91,Robotics Club,Entrepreneur,No,EWS
STU-3830,IIOT,4,8,7.43,83,Robotics Club,Entrepreneur,No,Merit
STU-3831,DS,2,3,5.61,81,Sports Club,Professor,Yes,Merit
STU-3832,RE,3,6,7.97,87,Coding Club,Entrepreneur,Yes,OBC
STU-3833,CS,1,2,7.2,92,Drama Club,Data Scientist,Yes,
STU-3834,IIOT,4,8,9.03,64,NCC,Entrepreneur,Yes,OBC
STU-3835,CS,4,8,8.95,61,Drama Club,AI Engineer,No,SC
STU-3836,DS,4,8,8.75,67,NSS,Robotics Engineer,Yes,ST
STU-3837,EE,3,5,7.29,69,Sports Club,Pilot,Yes,SC
STU-3838,CS,1,2,7.18,98,NCC,Professor,Yes,EWS
STU-3839,AI/ML,4,8,9.62,80,NCC,Entrepreneur,Yes,
STU-3840,CT,3,5,7.21,83,Robotics Club,Professor,No,EWS
STU-3841,CT,1,1,8.11,69,Robotics Club,Research Scientist,Yes,
STU-3842,IIOT,3,6,7.15,89,Robotics Club,Research Scientist,No,SC
STU-3843,RE,1,2,8.24,68,Robotics Club,Professor,No,Merit
STU-3844,EC,3,6,7.63,77,NSS,Pilot,Yes,SC
STU-3845,EE,4,7,9.08,82,Coding Club,Entrepreneur,No,EWS
STU-3846,ETC,2,4,7.72,98,NSS,Software Engineer,Yes,OBC
STU-3847,ETC,4,7,5.67,89,Photography Club,Research Scientist,No,Merit
STU-3848,ME,1,2,8.48,75,NSS,Entrepreneur,No,
STU-3849,CE,2,4,8.11,90,Sports Club,AI Engineer,Yes,Merit
STU-3850,CS,4,7,7.87,66,Robotics Club,AI Engineer,No,OBC
STU-3851,IIOT,3,5,6.68,69,Coding Club,Robotics Engineer,No,
STU-3852,AE,4,8,7.72,65,Music Club,Robotics Engineer,No,
STU-3853,DS,1,2,6.35,65,NSS,Data Scientist,Yes,Merit
STU-3854,CT,4,7,8.05,79,NSS,Entrepreneur,Yes,OBC
STU-3855,IIOT,2,3,7.81,97,Sports Club,Software Engineer,No,Merit
STU-3856,ME,2,3,5.53,91,Music Club,Software Engineer,Yes,
STU-3857,CS,4,7,6.23,79,NSS,Pilot,Yes,Merit
STU-3858,AI/ML,2,3,9.15,80,NSS,Pilot,No,EWS
STU-3859,CE,1,1,8.92,97,NCC,Entrepreneur,Yes,Merit
STU-3860,CT,1,1,9.06,60,Photography Club,Data Scientist,No,
STU-3861,AE,2,3,7.66,73,Robotics Club,Professor,Yes,OBC
STU-3862,RE,2,4,7.03,90,Photography Club,Pilot,No,
STU-3863,EC,4,7,7.33,78,Robotics Club,Data Scientist,No,OBC
STU-3864,ME,3,6,8.26,96,NCC,Research Scientist,No,OBC
STU-3865,CS,2,4,6.54,73,NSS,Data Scientist,Yes,
STU-3866,RE,4,7,6.22,91,NSS,Software Engineer,No,SC
STU-3867,ETC,1,1,7.37,98,NSS,Robotics Engineer,No,
STU-3868,CT,3,6,6.09,65,Coding Club,Software Engineer,No,ST
STU-3869,CS,2,3,7.8,94,Coding Club,AI Engineer,Yes,OBC
STU-3870,IIOT,2,3,7.77,92,NSS,AI Engineer,No,SC
STU-3871,IIOT,1,1,9.35,68,Music Club,Data Scientist,Yes,SC
STU-3872,CT,4,7,6.36,84,NCC,Data Scientist,Yes,ST
STU-3873,DS,4,8,8.24,77,NSS,Robotics Engineer,No,
STU-3874,CE,3,6,9.82,92,NCC,Research Scientist,No,Merit
STU-3875,ME,1,2,7.98,68,Coding Club,Research Scientist,No,EWS
STU-3876,CE,1,2,9.17,85,Music Club,Software Engineer,Yes,ST
STU-3877,AE,4,7,9.0,62,Music Club,Professor,Yes,EWS
STU-3878,EE,3,5,9.4,74,Sports Club,Entrepreneur,Yes,SC
STU-3879,ETC,1,2,7.79,86,Music Club,Robotics Engineer,No,ST
STU-3880,CS,4,7,6.37,100,Drama Club,Data Scientist,Yes,SC
STU-3881,CE,2,3,7.93,80,Sports Club,Software Engineer,Yes,ST
STU-3882,DS,2,3,7.01,100,Robotics Club,Research Scientist,No,SC
STU-3883,CE,2,3,8.73,63,Sports Club,Professor,No,ST
STU-3884,AE,3,6,6.46,64,Sports Club,Software Engineer,Yes,SC
STU-3885,IIOT,4,7,9.42,75,NSS,Robotics Engineer,Yes,Merit
STU-3886,DS,2,3,5.93,67,NSS,Professor,No,ST
STU-3887,CS,2,4,5.92,90,Drama Club,Robotics Engineer,Yes,OBC
STU-3888,DS,1,1,6.07,69,Music Club,AI Engineer,Yes,EWS
STU-3889,AI/ML,3,6,6.57,67,Music Club,Pilot,Yes,SC
STU-3890,EC,4,8,9.58,82,Photography Club,Research Scientist,No,Merit
STU-3891,ETC,1,2,8.57,72,Sports Club,Software Engineer,No,OBC
STU-3892,CS,1,2,6.36,74,Drama Club,Software Engineer,No,EWS
STU-3893,RE,1,1,8.38,99,Drama Club,Data Scientist,Yes,
STU-3894,IT,1,1,8.74,95,Coding Club,Pilot,No,
STU-3895,DS,4,8,9.3,76,Robotics Club,Data Scientist,Yes,SC
STU-3896,AI/ML,4,7,7.7,96,Photography Club,Research Scientist,Yes,ST
STU-3897,DS,4,8,6.08,94,Music Club,Data Scientist,No,SC
STU-3898,EC,1,1,7.1,94,NCC,Professor,No,SC
STU-3899,CE,2,4,8.58,63,Music Club,Data Scientist,Yes,
STU-3900,IIOT,1,2,5.93,65,NSS,Professor,No,Merit
STU-3901,ETC,4,8,7.11,91,Sports Club,Robotics Engineer,Yes,OBC
STU-3902,ETC,3,6,5.91,98,Music Club,Data Scientist,Yes,SC
STU-3903,CE,1,2,6.48,63,Robotics Club,Robotics Engineer,No,ST
STU-3904,CT,2,3,7.02,94,Drama Club,Pilot,Yes,ST
STU-3905,CE,4,7,9.11,68,Robotics Club,Entrepreneur,Yes,SC
STU-3906,CE,3,6,6.11,86,Photography Club,AI Engineer,No,
STU-3907,ME,4,7,8.11,99,Coding Club,Entrepreneur,No,SC
STU-3908,AI/ML,4,7,5.73,83,NSS,Data Scientist,No,EWS
STU-3909,IT,1,1,9.73,69,Robotics Club,Data Scientist,No,SC
STU-3910,IIOT,1,1,9.5,63,Coding Club,AI Engineer,No,SC
STU-3911,CE,3,5,6.95,94,Music Club,Professor,Yes,
STU-3912,EC,1,1,7.21,94,Photography Club,Professor,No,Merit
STU-3913,ME,1,1,6.96,76,NSS,Robotics Engineer,No,EWS
STU-3914,CE,4,8,6.78,83,Robotics Club,Professor,No,ST
STU-3915,CT,4,7,9.7,100,NCC,AI Engineer,No,
STU-3916,IIOT,4,8,5.67,78,Coding Club,Data Scientist,No,ST
STU-3917,RE,1,1,6.33,69,NSS,Professor,Yes,
STU-3918,EE,1,1,7.77,80,Sports Club,Entrepreneur,Yes,ST
STU-3919,IT,4,8,5.82,84,Photography Club,AI Engineer,Yes,OBC
STU-3920,AI/ML,4,8,9.81,63,Music Club,Robotics Engineer,No,OBC
STU-3921,IIOT,4,8,8.95,91,Sports Club,Research Scientist,Yes,ST
STU-3922,AI/ML,2,3,9.71,85,Photography Club,Pilot,Yes,
STU-3923,ME,4,8,5.83,67,Sports Club,Robotics Engineer,No,
STU-3924,DS,1,2,8.15,90,Photography Club,Research Scientist,Yes,EWS
STU-3925,IT,2,4,5.52,69,Photography Club,Professor,Yes,OBC
STU-3926,IIOT,1,1,9.12,78,NCC,AI Engineer,Yes,OBC
STU-3927,DS,1,1,8.88,60,Drama Club,Software Engineer,No,OBC
STU-3928,RE,3,6,7.4,95,Music Club,Software Engineer,Yes,ST
STU-3929,IIOT,4,7,6.9,91,NCC,AI Engineer,Yes,OBC
STU-3930,AI/ML,2,3,9.88,87,Music Club,Robotics Engineer,Yes,SC
STU-3931,IIOT,1,1,5.84,66,Sports Club,Pilot,No,ST
STU-3932,EE,4,7,9.26,97,Coding Club,Research Scientist,No,Merit
STU-3933,CS,2,3,5.89,77,Coding Club,Robotics Engineer,Yes,SC
STU-3934,AI/ML,3,5,7.69,94,Robotics Club,Software Engineer,No,ST
STU-3935,EE,1,1,6.97,74,Music Club,Entrepreneur,Yes,EWS
STU-3936,CS,4,7,6.85,74,Photography Club,Professor,Yes,EWS
STU-3937,ME,2,4,6.94,60,Robotics Club,Entrepreneur,Yes,OBC
STU-3938,ETC,2,3,7.04,87,NSS,Robotics Engineer,Yes,OBC
STU-3939,RE,2,4,7.29,74,Coding Club,Pilot,No,OBC
STU-3940,DS,4,7,7.29,92,NSS,Professor,No,EWS
STU-3941,CS,4,7,6.28,88,NCC,Entrepreneur,Yes,OBC
STU-3942,IIOT,2,4,6.07,74,Coding Club,Robotics Engineer,No,ST
STU-3943,DS,4,7,6.8,62,NCC,Professor,No,SC
STU-3944,RE,3,6,7.47,63,NCC,Robotics Engineer,No,
STU-3945,DS,3,6,8.45,86,Robotics Club,Professor,Yes,ST
STU-3946,DS,4,7,6.95,98,Music Club,Data Scientist,Yes,EWS
STU-3947,RE,2,4,5.65,88,NCC,AI Engineer,No,SC
STU-3948,ETC,1,1,8.79,62,Photography Club,AI Engineer,No,ST
STU-3949,IT,1,1,8.42,96,Music Club,Software Engineer,Yes,
STU-3950,EE,2,4,8.45,74,Sports Club,Professor,No,OBC
STU-3951,AE,4,7,8.43,76,Music Club,Software Engineer,No,OBC
STU-3952,EE,3,5,8.83,79,Robotics Club,Data Scientist,No,
STU-3953,ETC,2,3,7.03,92,Drama Club,Software Engineer,Yes,ST
STU-3954,CS,1,2,7.44,68,Robotics Club,Professor,Yes,EWS
STU-3955,ETC,1,1,9.77,81,Music Club,Professor,No,ST
STU-3956,CE,4,8,7.09,92,NSS,Robotics Engineer,No,Merit
STU-3957,ETC,1,1,5.61,94,Coding Club,Pilot,Yes,OBC
STU-3958,CS,3,5,6.9,99,Coding Club,Research Scientist,Yes,EWS
STU-3959,DS,2,4,6.55,94,Coding Club,Pilot,No,OBC
STU-3960,RE,3,5,8.0,80,Photography Club,AI Engineer,Yes,Merit
STU-3961,CE,1,1,9.75,69,Sports Club,Data Scientist,Yes,ST
STU-3962,IT,1,2,6.16,82,Drama Club,Research Scientist,No,
STU-3963,ETC,2,3,7.92,80,Photography Club,Software Engineer,Yes,OBC
STU-3964,CS,2,3,9.09,88,Music Club,Research Scientist,No,Merit
STU-3965,CE,4,7,6.22,78,Robotics Club,AI Engineer,No,EWS
STU-3966,ETC,2,3,8.44,95,Robotics Club,Pilot,Yes,
STU-3967,IIOT,1,1,8.81,74,NSS,Entrepreneur,No,ST
STU-3968,ETC,3,6,9.46,76,Music Club,Research Scientist,Yes,OBC
STU-3969,IIOT,1,1,7.28,95,Photography Club,Software Engineer,Yes,OBC
STU-3970,EE,4,7,6.76,60,NSS,Professor,Yes,Merit
STU-3971,ETC,3,5,8.53,95,Drama Club,Pilot,No,EWS
STU-3972,ETC,1,1,9.55,69,NSS,Data Scientist,Yes,EWS
STU-3973,AE,4,8,8.18,97,NSS,Entrepreneur,No,Merit
STU-3974,IIOT,1,1,7.16,71,Music Club,Professor,No,
STU-3975,AI/ML,2,3,9.02,100,NSS,AI Engineer,Yes,SC
STU-3976,IIOT,3,6,5.77,88,Sports Club,Professor,Yes,EWS
STU-3977,AE,3,5,8.23,65,NSS,Data Scientist,No,ST
STU-3978,IIOT,2,4,6.58,76,Music Club,Data Scientist,No,ST
STU-3979,CS,1,2,5.58,84,Robotics Club,AI Engineer,No,Merit
STU-3980,ETC,1,2,9.4,84,Music Club,Data Scientist,Yes,SC
STU-3981,IIOT,4,7,7.72,74,NCC,Pilot,Yes,SC
STU-3982,ME,1,1,6.74,96,NSS,Data Scientist,Yes,EWS
STU-3983,DS,1,2,7.99,89,Music Club,Professor,Yes,ST
STU-3984,CT,4,8,8.94,76,NCC,Professor,No,ST
STU-3985,EE,3,5,9.73,76,Drama Club,Software Engineer,No,SC
STU-3986,ME,3,5,8.39,68,Photography Club,Software Engineer,Yes,OBC
STU-3987,EC,3,5,8.21,74,NSS,Entrepreneur,No,SC
STU-3988,CT,3,6,8.03,74,Drama Club,Data Scientist,No,Merit
STU-3989,RE,4,7,9.86,70,Coding Club,Research Scientist,No,
STU-3990,CT,1,1,5.56,85,Drama Club,Entrepreneur,No,SC
STU-3991,CE,1,2,8.75,94,Music Club,Data Scientist,No,
STU-3992,AI/ML,1,1,9.63,83,Music Club,Research Scientist,Yes,
STU-3993,ME,2,4,7.95,69,Sports Club,Data Scientist,No,OBC
STU-3994,IIOT,3,6,9.38,86,Music Club,Pilot,Yes,OBC
STU-3995,IIOT,1,2,7.01,85,Music Club,Software Engineer,No,
STU-3996,ETC,2,4,5.81,70,Drama Club,Pilot,No,OBC
STU-3997,IIOT,2,3,8.08,98,Sports Club,Professor,Yes,OBC
STU-3998,IT,3,6,7.49,100,NCC,Robotics Engineer,Yes,OBC
STU-3999,CE,3,6,6.57,93,Music Club,Professor,Yes,EWS
STU-4000,AI/ML,4,7,6.23,99,Sports Club,Software Engineer,No,
